@DDaanV	O
oooh	NORM
nais	O
=D	O
dn	NORM
week	NORM
da	NORM
glijk	NORM
=p	O

@DDaanV	O
omg	NORM
xD	O
nou	O
kzat	NORM
in	O
het	O
witre	NORM
huis	O
maarja	O
geo	O
locaties	O
falen	O
ss	NORM
beswll	NORM
=p	O

Oei	O
,	O
vergeten	O
fuk	O
.	O
Tzal	NORM
voor	O
morgen	O
zijn	O
vrees	O
ik	O

kzou	NORM
ook	O
nog	O
eens	O
e	NORM
goe	NORM
heet	O
vrouwke	NORM
moete	NORM
hebbe	NORM
e	O

@SBSTROP	O
ik	NORM
hoo	NORM
rnu	NORM
oom	O
dagobert	NORM
duck	NORM
,	O
oftewel	O
wethouder	O
Gert-Jan	O
't	O
Hart	O

Ikkuhh	NORM
wil	O
niet	O
veel	O
zeggen	O
maarruuhh	NORM
kuchkucg	NORM
monsif	O
kuchkuch	NORM

neje	NORM
bg	O
;)	O
en	O
noky	O
...	O
bwa	NORM
....	O
derbovenop	NORM
zenk	O
zelf	O
ook	O
nog	O
betje	NORM
kieskeurig	O
:p	O

Doen	O
eh	O
xp	O

tregent	NORM
ierts	NORM
teveel	O
we	O
zulln	NORM
later	O
vertrekkn	NORM

Ge	NORM
het	NORM
so'n	NORM
lekker	O
kuntje	NORM

RT	O
@Boodskapper707	O
:	O
Toe	NORM
ek	NORM
n	NORM
laaitie	O
was	O
,	O
en	O
ons	O
toilette	NORM
was	O
buite	NORM
werking	O
,	O
of	O
die	O
bus	O
het	O
gebreek	NORM
of	O
wat	O
ookal	NORM
die	O
nood	O
was	O
,	O
het	O
die	O
skool	NORM
iets	O
gedoen	NORM
en	O
n	NORM
fonds	O
insameling	NORM
gehou	NORM
.	O
En	O
glo	NORM
my	NORM
,	O
daar	O
was	O
seker	NORM
max	NORM
23	O
ryk	NORM
kinders	NORM
in	O
my	NORM
skool	NORM
,	O
want	O
almal	NORM
se	NORM
ouers	NORM
was	NORM
fabriek	O
werkers	O
.	O

Neeje	NORM
,	O
ik	O
blijf	O
op	O
kot	O
leren	O
denkek	NORM
,	O
Tgaat	NORM
vlot	O
vandaag	O
.	O
Xx	O

@Buijtelaar	O
@hiskeland	O
new	O
,	O
33%	O
voorstander	O
ve	NORM
nwe	NORM
kerncentrale	O
.	O
39%	O
voir	NORM
kernenergie	O
.	O
Wel	O
ff	NORM
cpb	NORM
onderzoek	O
goed	O
lezen	O
.	O

Weet	O
gij	NORM
wanneer	O
ftac	O
project	O
binnen	O
moest	O
?	O
gr	NORM
RT	O
@Mandiehhx	O
:	O
hvj	NORM
wjnmk	O
wij	O
4	O
evah	O
ntb	O
xxxxxxxxjeliefje	O
.	O
Mag	O
ik	O
even	O
kotsen	O
?	O

Iemand	O
daa	NORM
zin	NORM
een	O
grote	O
fishstick	NORM
?	O

khad	NORM
deze	O
morgend	NORM
alleen	O
een	O
probleem	O
shoukriya	NORM
,	O
kben	NORM
uit	O
mn	NORM
bed	O
gevalle	NORM
:p	O

Uhm	O
nee	O
?	O
Ik	O
kan	O
mijn	O
server	O
gewoonm	NORM
bereiken	O
...	O

@admirael	O
Ick	NORM
magh	NORM
het	O
hoopen	NORM
en	O
zeeckers	NORM
als	O
het	O
op	O
een	O
belegh	NORM
aenkomet	NORM
.	O

aja	NORM
nee	O
kdacht	NORM
da	NORM
marjan	NORM
meeging	O

Huuh	O
wacht	O
Kga	NORM
keer	O
kijken	O

Neeje	NORM
,	O
Kben	NORM
.	O
Vooral	O
lui	O

@NoHolyScripture	O
Dat	O
de	O
Overheid	O
dan	O
als	O
1ste	O
stap	O
in	O
“	O
de	O
opvoeding	O
vd	NORM
kids	O
”,	O
de	O
lessen	O
godsdienst	O
/	O
zedenleer	O
als	O
verplichte	O
vakken	O
schrapt	O
in	O
het	O
BaO	O
én	NORM
in	O
het	O
S.O.	O
.	O
Je	O
raadt	O
welke	O
koepel	O
hiertg	NORM
fel	O
zal	O
reageren	O
...	O
Maar	O
niettemin	O
,	O
godsdienst	O
&	O
moraal	O
zijn	O
onderdelen	O
vd	NORM
opvoeding	O
THUIS	NORM
!	O

Lieventje	NORM
,	O
ik	O
kom	O
morgen	O
rond	O
half	O
12	O
in	O
zillegem	NORM
aan	O
...	O

Jups	NORM
.	O
:)	O
diets	NORM
aant	NORM
leren	O
:o	O

wtf	NORM
?	O
,	O
ovr	NORM
etn	NORM
ant	NORM
prate	NORM
hiere	NORM
fwa	NORM
?	O

Gaat	O
er	O
iemand	O
van	O
jullie	O
nr	NORM
bekerfinale	O
zien	O
vnvnd	NORM
?	O

tzal	NORM
een	O
alf	NORM
uurke	NORM
later	O
zin	NORM

tzijn	NORM
nie	NORM
echt	O
zo	O
typkes	NORM
waar	O
ik	O
sebiet	NORM
mee	O
zou	O
vriendinne	NORM
worde	NORM
:p	O

Jah	NORM
,	O
echt	O
stom	O
he	O
.	O
Kmoet	NORM
echt	O
verhuizen	O
.	O

Sgoed	NORM
,	O
rubenkan	NORM
wel	O
ni	NORM

kpeis	NORM
rond	O
8	O
u	NORM
maar	O
mss	NORM
moeten	O
we	O
iets	O
vroeger	O
gaan	O

Raar	O
,	O
idd	NORM
...	O
een	NORM
virus	O
op	O
jullie	O
gsm	O
...	O
;-)	O
hehe	O
...	O

Jaro	O
Redczus	O
:	O
Heb	O
'm	NORM
al	O
in	O
huis	O
.	O

ti	NORM
roar	NORM
daj	NORM
nog	O
aarschot	O
durft	O
zeggen	O
kzo	NORM
bitje	NORM
beschaamd	O
zi	NORM

ma	NORM
kga	NORM
keer	O
wa	NORM
ete	NORM
klaarmake	NORM
nzo	NORM
xD	O
mss	NORM
tot	O
sbiet	NORM
:p	O

want	NORM
khad	NORM
ne	NORM
vree	NORM
goeien	NORM
dg	NORM
gistren	NORM

@colonnemusic	O
@maartend82	O
@kristy_dee	O
@mariekeh	O
@roynonstop	O
@rickv	O
enn	NORM
...	O
BAMMM	NORM
!	O
gewonne	NORM
!	O
=p	O

Zo	O
.	O
Ik	O
gaat	NORM
es	NORM
een	O
bordje	O
rijst	O
halen	O
ergens	O
bij	O
een	O
warung	O
.	O
Lapar	O
.	O
Ayo	O
!	O
Makan	O
malam	O
.	O

@SabineIDN	O
er	NORM
zjin	NORM
oreavl	NORM
gnezern	NORM
...	O
dta	NORM
meot	NORM
jij	O
nog	O
lreen	NORM
#kaatsbalverwacht	O

waz	NORM
ff	NORM
ni	NORM
aan't	NORM
volge	NORM
?	O
wannabeez	NORM
?	O

Kzal	NORM
mn	NORM
best	O
doen	O
.	O
:)	O

maar	NORM
hier	O
zitte	NORM
erveel	NORM
princesse	NORM
;)	O
na	NORM
juste	NORM
naam	O
kijke	NORM

Kheb	NORM
nog	O
een	O
kaartverkoop	O
voor	O
de	O
massacantus	O
voor	O
Jou	NORM
.	O
Nog	O
interesse	O
?	O
X	O

idd	NORM
dollytje	O
uw	O
pv	O
zal	O
idd	NORM
wel	O
erg	O
zeijn	NORM
:p	O

@Kyrosyves	O
oeeh	NORM
nee	O
=p	O
kwas	NORM
bij	O
mn	NORM
tante	O
=p	O

@ADnl	O
@OzcanAkyol	O
Ok	NORM
....	O
Drinken	O
?....	O
Vet	O
eten	O
?....	O
Zoet	O
eten	O
?...	O
Op	O
de	O
bank	O
zitten	O
?...	O
Achter	O
de	O
comp	NORM
.	O
Hangen	O
?....	O
Alles	O
met	O
de	O
auto	O
doen	O
?	O
Etc	NORM
etc	NORM
..	O
ben	NORM
sinds	O
3	O
mnd	NORM
gestopt	O
,	O
gaat	O
prima	O
,	O
maar	O
een	O
sigaret	O
is	O
ook	O
lekker	O
dwz	NORM
genot	O
en	O
ontspanning	O
...	O
belangrijke	O
factoren	O
in	O
het	O
leven	O
.	O

Wil	O
je	O
wel	O
mijn	O
luisterboek	O
ni	NORM
uit	O
de	O
cdspeler	O
halen	O
?	O
Dankoe	NORM
!	O

watte	NORM
GoreKoala	O
ist	NORM
ni	NORM
waar	O
mss	NORM
?	O
:p	O

@confusedarend	O
@clinelawton1	O
Ja	O
in	O
a	O
chakamaka	O
land	O
wss	NORM
hier	O
ist	NORM
gwn	NORM
10	O

Hmmm	O
,	O
Kzal	NORM
mn	NORM
broers	O
zeggen	O
dat	O
ze	O
zich	O
moeten	O
gedragen	O
.	O
;)	O

iemand	NORM
mss	NORM
prive	NORM
voor	O
nen	NORM
babbel	O
liefst	O
regio	O
mechelen	NORM
kom	O
dnaz	NORM
prive	NORM
aub	NORM
:)	O

Informeel	O
gesprek	O
@GerdaVerburg	O
&	O
viceMP	O
/	O
chief-negotiator	O
Kosovo	O
in	O
dialoog	O
met	O
Servie	NORM
mevr.	NORM
Jagjaga	O
http://yfrog.com/h88wgwkj	O

@Louisemily	O
Aaaw	O
wat	O
poepigg	NORM
!!!!	O
Jaaa	NORM
!	O
Lachuh	NORM
!	O
Lekker	O
chillen	O
enz.	NORM
Ik	O
heb	O
zulke	O
kids	O
een	O
jaar	O
lesgegeven	O
#lovethem	O

als	NORM
ge	NORM
goeste	NORM
ebt	NORM
moete	NORM
nog	O
maar	O
enen	NORM
komn	NORM
drinkn	NORM

Pff	O
..	O
Wat	O
zijn	O
HJ	O
en	O
de	O
liift	NORM
traag	O
...	O

@CharlesUrbain	O
@HLN_BE	O
Vndg	NORM
in	O
@destandaard	O
een	O
interessant	O
artikel	O
over	O
regering	O
van	O
Frank	O
Vandenbroucke	O
,	O
Johan	O
Vande	O
Lanotte	O
en	O
Steve	O
Stevaert	O
20j	NORM
geleden	O
en	O
dat	O
het	O
toen	O
wel	O
gelukt	O
was	O
.	O
Zou	O
nu	O
niet	O
lukken	O
.	O
Misnoegde	O
profileerpolitici	O
zouden	O
constant	O
eigen	O
flank	O
aanvallen	O
.	O
Oppositie	O
zou	O
onnodig	O
zijn	O
.	O

Ebk	NORM
nen	NORM
so	NORM
terug	O
?	O
Oeveel_hebk?	O
Oeveel	NORM
hebk	NORM
?	O

hoooo	NORM
:o	O
tande	NORM
zitte	NORM
doort	NORM
plastik	NORM
:p	O

wij	NORM
komen	O
zowiezo	NORM
...	O
oe	NORM
ist	NORM
daar	O
?	O

@ROVER_online	O
Laat	O
ProRail	O
ook	O
eens	O
de	O
vervuilde	O
grond	O
uit	O
de	O
stoomtijd	O
bij	O
bijv	NORM
.	O
Amsterdam	O
CS	NORM
opruimen	O
i.p.v.	NORM
ons	O
belerend	O
van	O
het	O
roken	O
af	O
te	O
helpen	O
.	O

Lol	O
was	O
ook	O
aant	NORM
zien	O
.	O
Ga	O
proberen	O
bij	O
jorn	NORM
geraken	NORM
.	O
Vnvnd	NORM
taak	O
wel	O
naar	O
rsca	NORM
.	O

Grrr	O
carnavalidioten	O
in	O
Delft	O
.	O

@HelaasPindakaas	O
@ddaanv	O
jaa	NORM
t	NORM
duurt	O
nog	O
ffies	NORM
mr	NORM
kheb	NORM
gedult	NORM
=p	O

Kben	NORM
op	O
ouwe	O
markt	O
,	O
kom	O
naart	NORM
archief	O
.	O
:)	O

Wel	O
veel	O
calorieen	NORM
...	O
Of	O
je	O
belt	O
een	O
pizzaatje	NORM
.	O

kheb	NORM
u	O
nogthans	NORM
al	O
meerdere	O
keren	O
uitgenodigd	O
voor	O
vnv	NORM
zunne	O
B_Duck	O

Eddet	NORM
weer	O
ni	NORM
ingeschreven	O
?	O

mja	NORM
zal	O
me	O
hostnaam	O
ook	O
es	NORM
moete	NORM
verandere	NORM
ofzo	O
peisk	O

oeps	NORM
kmocht	NORM
ni	NORM
lache	NORM
zeker	O
rammstein	NORM
:	O
pp	O

ik	NORM
oek	NORM
ni	NORM
uitgeweest	O
juste	NORM
bij	O
een	O
vriendin	O
geweest	O
en	O
daar	O
blijve	NORM
plakke	NORM

kzal	NORM
iet	NORM
wete	NORM
zegge	NORM
alsk	NORM
dvdrip	O
vind	O
zizzi	O

smiddags	NORM
word	O
het	O
ipv	NORM
supperman	NORM
mss	NORM
noonman	NORM
?	O
:)	O

NVA-minister	O
Muyters	O
weigert	O
antwoord	O
op	O
vragen	O
ivm	NORM
Koninklijke	O
Schenking	O
.	O
'	O
Geen	O
info	O
ivm	NORM
individuele	O
belastingsplichtigen	O
'	O
.	O
Transparantie	O
?	O

Goed	O
hoor	O
!	O
't	NORM
is	O
zo'n	O
lieveke	NORM
!	O

kben	NORM
al	O
rond	O
thuis	O
...	O
we	NORM
kunnen	O
anders	O
een	O
wiitje	NORM
doen	O
?	O

jaat	NORM
mmissy	O
ist	NORM
ni	NORM
goe	NORM
:)	O

oei	NORM
typo	O
....	O
we	NORM
zulln	NORM
tegn	NORM
dan	O
zeker	O
klaar	O
zijn	O

ne	NORM
geoie	NORM
vuilbak	NORM
is	O
z'n	O
prijs	O
waard	O
poezewoeve	O
net	O
zoals	O
'n	NORM
goeie	O
stofzuiger	O

@VerbondAnti	O
20	O
jr	NORM
terug	O
bracht	O
ik	O
de	O
varkens	O
naar	O
Italië	O
dubbelbemand	O
2á3	NORM
x	O
ned	NORM
>	O
ita	NORM

Nope	NORM
,	O
sorry	O
brah	NORM
.	O
Vanavond	O
gaat	O
ni	NORM
voor	O
mij	O

@fonolog	O
Ik	O
denk	O
dat	O
de	O
s	O
aan	O
het	O
begin	O
van	O
een	O
woord	O
in	O
plaats	O
van	O
een	O
z	O
van	O
oorsprong	O
Fries	O
is	O
.	O
Amsterdams	O
:	O
ik	O
heb	O
de	O
son	NORM
in	O
de	O
see	NORM
sien	NORM
sakke	NORM
Fries	O
:	O
sinne	O
/	O
sonne	O
,	O
see	O
,	O
sakke	O
,	O
seure	O

kzie	NORM
juste	NORM
da	NORM
mijn	O
konijn	O
ier	NORM
ant	NORM
rondhuppeln	NORM
eh	O
:o	O

maar	NORM
kzou	NORM
em	NORM
gwn	NORM
beke	O
dreigemente	NORM
geve	NORM
met	O
politiedinge	NORM
ofzo	O
:)	O

@ayyk0	O
graag	NORM
gedaan	O
ma	NORM
tis	NORM
wel	O
ja	O
ni	NORM
echt	O
romantisch	O
tbh	O
tgaat	NORM
over	O
een	O
fucking	O
moordenaar	O

@RobLeemhuis	O
Gespreid	O
bedje	O
?	O
:-)	O
Maar	O
het	O
begon	O
ruim	O
50	O
jaar	O
geleden	O
o.a.	NORM
baltsje	NORM
trappe	NORM
,	O
blikspuut	O
,	O
pakketsje	NORM
,	O
koegelen	O
,	O
landsjePik	O
.	O
#OOST	O

Omda	NORM
ze	O
vonden	O
da	NORM
één	NORM
bezoek	O
aan	O
die	O
schijtplaneet	O
wel	O
genoeg	O
vinden	O
xp	O

kzout	NORM
ni	NORM
wteen	NORM
liefjuhhh	NORM
:)	O
nog	O
ni	NORM
buite	NORM
geweest	O

Kijk	O
es	NORM
naar	O
weekresult	NORM
op	O
voetbalkrant	O
.	O

@SashaMBVBA	O
@clinelawton1	O
tis	NORM
nie	NORM
omda	NORM
mijn	O
ouders	O
het	O
nie	NORM
weten	O
,	O
dak	NORM
er	O
wil	O
bijhoren	O
??	O
ahahahha	O
wjw	O
aub	NORM
sluit	O
het	O
onderwerp	O
klaar	O
roken	O
wa	NORM
is	O
da	NORM
zelfs	O
?	O

@CorineZelf	O
@TheOllieWorks	O
Zoalsch	NORM
de	O
ouden	O
zongen	O
:	O
"	O
Mijn	O
spelen	O
is	O
leren	O
,	O
mijn	O
leren	O
is	O
spelen	O
.	O
"	O
Eevenzogoed	NORM
isch	NORM
wercken	NORM
tevensch	NORM
speelen	NORM
.	O

Waaaah	NORM
zeggeej	NORM
,	O
ik	O
was	O
al	O
aant	NORM
slapen	O
zo	O
.	O
:)	O
Xx	O
succes	O
liefje	O

achja	NORM
kga	NORM
mij	O
nen	NORM
keer	O
moete	NORM
gaan	O
klaarmaken	O
é	O

Danku	NORM
Schatje	NORM
,	O
Kvondet	NORM
stom	O
dak	NORM
moest	O
afleggen	O
....	O
:)	O
ik	O
wil	O
u	O
!	O
Xx	O

@frankkie12345	O
wajoo	NORM
jj	NORM
heb	NORM
gwn	NORM
avgn	O
pet	O
!	O
=p	O

Cafe	NORM
,	O
k	NORM
kom	O
naar	O
huis	O
sebiet	NORM

Wsl	NORM
vanmiddag	O
stuk	O
in	O
NRC	O
nav	NORM
werkbezoek	O
maandag	O
aan	O
Rdam-Charlois	NORM
waar	O
Poolse	O
gemeentemedewerker	O
18	O
lekgestoken	O
banden	O
kreeg	O
.	O

Vnvnd	NORM
zin	O
om	O
ergens	O
rsca	NORM
ajax	NORM
te	O
gaan	O
zien	O
?	O

Kusjekus	NORM
.	O
:)	O
Kvondet	NORM
echt	O
fijn	O
met	O
jou	O
vandaag	O
.	O
:)	O
en	O
gisteren	O
ook	O
hoor	O
!	O
Xx	O

Ik	O
gooi	O
mijn	O
telefoon	O
een	O
paar	O
dagen	O
in	O
een	O
hoek	O
Ik	NORM
word	O
schijtziek	O
van	O
dat	O
gezanik	O
over	O
islam	O
.	O
En	O
diegene	O
een	O
buddy	O
willen	O
zijn	O
en	O
crowd	O
funden	O
.	O
Vlg	NORM
mij	O
is	O
dit	O
burka	O
verbod	O
een	O
propaganda	O
stuntje	O
...	O
Kijk	O
eens	O
heeeeel	NORM
nederland	NORM
is	O
er	O
mee	O
bezig	O
..	O
Het	O
staat	O
lekker	O
op	O
de	O
kaart	O

RT	O
@FemkeGilis	O
:	O
soms	NORM
herinner	O
ik	O
mij	O
ineens	O
kleren	O
die	O
ik	O
ooit	O
had	O
en	O
dan	O
denk	O
ik	O
waar	O
TF	O
zijn	O
die	O
naartoe	O
want	O
kheb	NORM
die	O
al	O
maanden	O
niemeer	NORM
gezien	O
like	O
they're	O
gone	O
gone	O

dimitri_mimeus	NORM
,	O
al	O
2	O
toetsn	NORM
ook	O
morgn	NORM
lern	NORM
tgn	NORM
morgn	NORM
:(	O

moja	NORM
zover	O
wassek	NORM
ook	O
aant	NORM
denke	NORM
mo	NORM
kwil	NORM
wete	NORM
offet	NORM
haalbaar	O
is	O

Niets	O
!	O
Lekka	NORM
lekka	NORM
!	O
X	O

Waarom	NORM
da	NORM
,	O
ist	NORM
daar	O
ni	NORM
plezant	O
mss	NORM
?	O

enneuh	NORM
die	O
mense	NORM
hebbe	NORM
geen	O
hande	NORM
aan	O
un	NORM
lijf	O
?	O

Euhm	O
,	O
kdenket	NORM
niet	O
,	O
nog	O
niet	O
...	O
;)	O

zoekt	NORM
vriende	NORM
!	O
tss	NORM
20	O
-28	O
..	O
gwne	NORM
toffe	O
babbel	O
gn	NORM
seksgedoe	O
!!	O

@Mirbak	O
aaahhh	O
afkicken	O
!	O
Jaa	NORM
maaar	NORM
waaar	NORM
kan	O
ik	O
werken	O
jongeen	NORM
????	O

Roen	O
frietjes	O
aant	NORM
eten	O
?	O

RT	O
@solidariteit	O
:	O
Lees	O
@SolidariDirk	O
se	O
mediatoespraak	O
:	O
"	O
#Denel	O
werknemers	O
is	NORM
die	NORM
slagoffers	NORM
van	O
roekelose	NORM
bestuur	O
en	O
staatskaping	O
.	O

Vanav	NORM
spreekt	O
2e	O
Kamer	O
over	O
aanscherping	O
prostitutiewet	O
.	O
Ik	O
ben	O
voor	O
hogere	O
mimimumleeftijd	O
,	O
registratieplicht	O
,	O
aanpakken	O
bordeeleigenaren	O

@jeroenooms	O
Jah	NORM
Jah	NORM
Jeroentjuh	O
,	O
tijd	O
voor	O
un	NORM
fillumpjuh	NORM
!	O
#samsonstem	O

RT	O
@b1tchuth0ught	O
:	O
Wlhteh	O
my	NORM
mans	NORM
moet	O
later	O
regelen	O
dat	O
de	O
dag	O
dat	O
die	O
me	O
gaat	O
vragen	O
,	O
dat	O
ik	O
er	O
dan	O
zo	O
fine	O
uitzie	O
,	O
hij	O
moet	O
maar	O
liegen	O
dat	O
we	O
naar	O
een	O
chique	O
restaurant	O
gaan	O
ofzo	O
en	O
dat	O
ik	O
me	O
echt	O
echt	O
moet	O
opmaken	O
.	O
Kijk	O
how	O
cute	O
they	O
both	O
look	O
????	O

warr	NORM
zittn	NORM
jullie	O

kem	NORM
nja	NORM
groente	O
tege	NORM
gekome	NORM
xp	O

euh	NORM
,	O
kwas	NORM
afleveringske	NORM
buiten	O
de	O
zone	NORM
aant	NORM
zien	O
ondertusse	NORM
:p	O

RT	O
@yuki_binladen	O
:	O
Mijn	O
moeder	O
belt	O
me	O
net	O
3x	NORM
op	O
whats	O
app	O
.	O
Ik	O
denk	O
damn	O
lame	O
snel	O
terugbellen	O
,	O
want	O
er	O
zal	O
vast	O
iets	O
zijn	O
..	O
kunnen	NORM
jullie	O
je	O
voorstellen	O
dat	O
deze	O
vrouw	O
me	O
alleen	O
belde	O
om	O
te	O
zeggen	O
dat	O
m’n	NORM
profielfoto	O
lelijk	O
is	O
en	O
ik	O
het	O
moest	O
veranderen	O
omdat	O
ik	O
er	O
veel	O
te	O
oud	O
op	O
leek	O
?	O

@chrishottentot	O
@nico61	O
vaut	O
meot	NORM
tog	NORM
med	NORM
uhn	NORM
d	O
?	O
dhus	NORM
vaud	O
?	O

want	NORM
mijzelf	O
kank	NORM
niej	NORM
maken	O
en	O
hebek	NORM
niej	NORM
gdn	NORM
ook	O
:o	O

ist	NORM
ni	NORM
goe	NORM
mss	NORM
da	NORM
ze	O
tegen	O
jou	O
ligt	O
triske	NORM
82	O
?	O

Neeee	NORM
!	O
Dood	O
aan	O
de	O
Jellyfish	O
!!	O
Sterkte	O
kindja	NORM
.	O
X	O

@Djuzztin	O
@Pimazing2	O
@ThomasSapling	O
Ik	O
heb	O
de	O
Samsung	O
A20e	O
van	O
2017	O
en	O
ik	O
krijg	O
hm	NORM
dr	NORM
gwn	NORM
makkelijk	O
uit	O

@jjvpeperstraten	O
@frankgbosman	O
thnx	NORM
.	O
Subsistit	O
betekent	O
iig	NORM
:	O
kerk	O
en	O
rkk	NORM
zijn	O
niet	O
tzelfde	NORM
.	O
143	O
theologen	O
kunnen	O
dus	O
ook	O
een	O
discussie	O
1	O
/	O
2	O

seg	NORM
Dobby_Afk	O
kheb	NORM
der	NORM
een	O
kanaal	O
eh	O
op	O
joetjoep	O
:p	O
Oow	O
fuck	O
.	O
Ik	O
vergeet	O
iets	O
!	O
GEFELICIFLAPSTAART	NORM
!!!	O
veel	NORM
plezier	O
strax	NORM
!!	O

Kut	O
.	O
Verkouden	O
.	O
Kzal	NORM
er	O
wss	NORM
nie	NORM
bij	O
kunnen	O
zijn	O
vandaag	O
:-(	O

@goedemorgenman	O
@__Vero__o	O
@Hans_Huls	O
@marcodeboer	O
@trema_nl	O
@vester71	O
@eduardschaepman	O
@DercoT	O
@verhagen	O
@Ivan_Bart	O
@scubaly	O
GDM	NORM
prttig	NORM
dg	NORM
!	O

ik	NORM
gn	NORM
slapen	O
wnt	NORM
dees	NORM
kank	NORM
ni	NORM
zien	O
:p	O

als	NORM
ik	O
het	O
nt	NORM
vergeet	O
breng	O
ik	O
em	NORM
mee	O

ssshhhtttt	NORM
kwas	NORM
op	O
mene	NORM
denkbeeldige	O
privè	O
aant	NORM
wachte	NORM
:	O
lol	O
:	O

Jep	NORM
volg	O
em	NORM
!	O
Zie	O
je	O
zo	O
!	O
X	O

Okido	NORM
.	O
Duur	O
,	O
maar	O
okido	NORM
..	O
ik	NORM
hoor	O
t	NORM
wel	O
..	O

Jaaaah	NORM
,	O
ik	O
vertrek	O
als	O
mijn	O
glas	O
leeg	O
is	O
.	O
:)	O
Xx	O

FoxFire	O
zedde	NORM
weeral	NORM
groepkes	NORM
ant	NORM
maken	O
jaa	NORM
:(	O

miss	NORM
wij	O
kunne	NORM
daar	O
goe	NORM
tege	NORM
zenne	O
:)	O
titties	O
een	NORM
boobz	O
enzow	NORM
:p	O

Aja	NORM
just	NORM
!	O
Volledig	O
vergeten	O
.	O
Wer	NORM
zitte	NORM
gulder	NORM
?	O
Mimosa	O
?	O

@DDaanV	O
ojaa	NORM
#boutzooi	O
zulle	NORM
wij	O
dn	NORM
mr	NORM
ff	NORM
maile	NORM
?	O
=p	O

@MickvanAbeelen	O
joaah	NORM
=D	O
hijs	NORM
fckin	O
moooii	NORM
!!	O
:P	O
fckin	O
snel	O
ook	O
xD	O

Nav	NORM
een	O
artikel	O
in	O
oa	NORM
het	O
AD	O
is	O
er	O
veel	O
te	O
doen	O
over	O
de	O
mogelijkheid	O
van	O
burgerarrest	O
bij	O
constatering	O
v	NORM
overtreding	O
vh	NORM
boerkaverbod	O
.	O
Hier	O
de	O
criteria	O
die	O
gelden	O
bij	O
een	O
burgerarrest	O
.	O
Conclusie	O
:	O
het	O
risico	O
daarbij	O
een	O
strafblad	O
op	O
te	O
lopen	O
is	O
niet	O
gering	O
.	O

mss	NORM
wel	O
ma	NORM
we	O
gaan	O
eerst	O
onze	O
innerlijke	O
mens	O
verwarmn	NORM

dn	NORM
ist	NORM
gwn	NORM
ni	NORM
dn	NORM
tijd	O
ervoor	O
:)	O

Rond	O
oe	NORM
laat	O
zalt	NORM
zijn	O
?	O

@DDaanV	O
dats	NORM
genaait	NORM
dann	NORM
:P	O
ja	NORM
jj	NORM
heb	NORM
t	NORM
iig	NORM
geprobeerd	O

kmoe	NORM
nt	NORM
verre	NORM
gn	NORM
ik	O
in	O
velzeke	O
ister	O
wss	NORM
nog	O
plekke	NORM
:p	O

@JH_L	O
-	O
Da's	NORM
semi-effectief	O
.	O
Voor	O
lul	O
staan	O
werkte	O
mijn	O
insziens	O
beter	O
;p	O
#ouderwets	O

Pepsi	O
,	O
Kben	NORM
al	O
int	NORM
centrum	O

ahja	NORM
sweety	O
-3358	O
idd	NORM
da's	NORM
dus	O
lang	O
geleje	NORM
:p	O

idd	NORM
...	O
kheb	NORM
et	NORM
wel	O
laten	O
weten	O
aan	O
els	O

@HelaasPindakaas	O
yaaaaay	NORM
=o	O
ik	O
ben	O
morge	NORM
jarig	O
:P	O
ik	O
bn	NORM
lkkr	NORM
eerder	O
(A)	O

Dese	NORM
kortingscaarten	NORM
sijn	NORM
wel	O
goet	NORM
neederlants	NORM
geschrijvt	NORM
naar	O
welke	O
vooestelling	NORM
wil	O
jei	NORM
?	O
http://twitpic.com/3hut06	O

Kga	NORM
me	O
wss	NORM
trg	NORM
rolle	NORM
vant	NORM
lachn	NORM

kga	NORM
nen	NORM
kinder	NORM
bueno	NORM
eten	O
neh	NORM

sffs	NORM
ff	NORM
slape	NORM
,	O
en	O
tege	NORM
de	O
middag	O
trg	NORM
eruit	O
:)	O

@Nykdevries	O
hat	NORM
aardich	NORM
wat	O
optredens	O
dizze	NORM
simmer	NORM
,	O
ûnder	NORM
oaren	NORM
yn	NORM
Amsterdam	O
op	O
it	NORM
Wilhelmina	O
Huiskamerfestival	O
yn	NORM
Amsterdam	O
west	O
.	O
https://t.co/37cMBhcqSX	O

op	NORM
nen	NORM
oude	O
velo	O
moete	NORM
lere	NORM
rijde	NORM
hebbe	NORM
ze	O
me	O
ooit	O
gzegd	NORM

@RolandEngelen	O
@DianaSmeeman	O
@heidiwils	O
Nunnónt	O
,	O
zou	O
'k	NORM
zeggen	O
.	O
'k	NORM
Heb	NORM
nunnónt	O
,	O
twii	NORM
knèèn	NORM
en	O
drie	O
knorriepietjes	O
.	O

Weet	O
wel	O
,	O
kben	NORM
net	O
mn	NORM
gsm	O
aant	NORM
testen	O
.	O
:)	O

nja	NORM
ghost	O
kzen	NORM
goe	NORM
opgevoed	O
dus	O
ik	O
antwoord	O
als	O
ze	O
iet	NORM
vragen	O
eh	O
:p	O

Gy	NORM
loopt	O
wss	NORM
wel	O
.	O
veel	NORM
beter	O
dan	O
ik	O
:p	O

vanavnd	NORM
iets	O
drinkn	NORM
?	O

Tis	NORM
hier	O
een	O
zottekot	O
.	O
En	O
khad	NORM
al	O
koppijn	O

nja	NORM
srr	NORM
voor	O
foute	NORM
he	O
ma	NORM
kzen	NORM
wa	NORM
zattekes	NORM
aant	NORM
geraken	O
:p	O

ach	NORM
,	O
kzoud	NORM
ookwel	NORM
fijn	O
vinde	NORM
moestek	NORM
vriendin	O
vn	NORM
venezuela	NORM
es	NORM
tegekome	NORM
:)	O

mja	NORM
Jessii	O
tzal	NORM
voor	O
volgend	O
weekend	O
zijn	O
vrees	O
ik	O
zenne	O
:p	O
mja	NORM
khem	NORM
men	NORM
best	O
gedaan	O
zenne	O
:p	O

@Jay_du_Plessis	O
More	O
Jay	O
hoe	O
gaan	NORM
dit	NORM
vandag	NORM
👍👍🙏🙏	O
my	NORM
Ma	O
en	O
Pa	O
is	NORM
baie	O
lief	O
vir	NORM
jou	O
musiek	NORM
.	O
Maar	O
is	O
ook	O
self	NORM
werkloos	O

Jaja	NORM
Merci	O
.	O
Twas	NORM
voor	O
winterbanden	O
.	O

@Richard3332	O
ooh	NORM
die	O
fotoo	NORM
xD	O
jaa	NORM
die	O
zagk	NORM
eers	NORM
=p	O
een	O
beetje	O
smeri	NORM
tbh	O
xD	O

Hoeist	NORM
meisje	O
?	O
Goeie	O
stage	O
terugkomdag	O
gehad	O
?	O
Xje	NORM

fastjeee	NORM
:(	O
me	O
groepslede	NORM
guan	NORM
massaskwaad	O
worde	NORM
op	O
mij	O
denk	O
ik	O
:D	O

Neeje	NORM
,	O
anneleen	NORM
moest	O
weg	O
vnvnd	NORM
.	O
Zit	O
thuis	O
.	O

Ok	NORM
.	O
Zal	O
smsn	NORM
nr	NORM
jeurn	NORM
en	O
oor	O
.	O

Kzal	NORM
vanavond	O
eens	O
kijken	O
wanneer	O
dat	O
lukt	O
vr	NORM
je	O
kast	O
...	O
groetjes	NORM
,	O
dokus	O

@GKorstanje	O
D66	O
voor	O
afschaffing	O
Prov.	NORM
Wel	NORM
meedoen	O
zolang	O
Prov.	NORM
nog	O
bestaat	O
dus	O
goede	O
vertegenwoordiging	O
in	O
2e	O
én	NORM
1e	O
Kamer	NORM
nodig	O
@Apechtold	O

ni	NORM
zo	O
snel	O
type	NORM
ikkan	NORM
ni	NORM
mer	NORM
volge	NORM
mense	NORM
xo	O

Mogguh	NORM
!	O
Verkeersinfo	NORM
tegenwoordig	O
in	O
vertragingsminuten	O
ipv	NORM
km.	NORM
Wel	O
ff	NORM
wennen	O
!	O
Handig	O
???	O

Vanavond	O
fractievergadering	O
@D66Nijmegen	O
.	O
Woensdag	O
a.s.	NORM
weer	O
#raad024	O
over	O
oa	NORM
Rapiditas	O
(	O
opblaashal	O
)	O
.	O
Nog	O
geen	O
collegestukken	O
helaas	O
...	O

cavakes	NORM
:)	O
kgan	NORM
et	NORM
ook	O
ni	NORM
alty	NORM
wete	NORM

Geen	O
probleem	O
.	O
Bewaar	O
wel	O
'n	NORM
stuk	O
.	O
X	O
,	O
D.	O

Om	O
oe	NORM
laat	O
spreekte	NORM
af	O
?	O

bwoa	NORM
kheb	NORM
2	O
weken	O
ne	NORM
goeie	O
gezien	O
mor	NORM
kzen	NORM
zenne	NORM
naam	O
kwjt	NORM
:(	O

Energie-intercommunale	O
Infrax	O
geeft	O
groot	O
feest	O
met	O
Leyers	O
en	O
Michiels	O
voor	O
politici	O
.	O
Energiefactuur	O
stijgt	O
ondertss	NORM
met	O
30%	O
!	O
fdw.nu	O

dimi	NORM
wrm	NORM
antw	NORM
je	O
nu	O
ni	NORM
allez	O

Met	O
@anneveling	O
elkaar	O
associatief	O
aan	O
het	O
bekogelen	O
met	O
spelvaudten	NORM
.	O
De	O
ergste	O
vondsten	O
:	O
beina	NORM
,	O
verkeers	NORM
,	O
begreipen	NORM
,	O
aangefen	NORM
.	O

RT	O
@Ernesto_Watt	O
:	O
De	O
upper-class	O
wil	O
terug	O
naar	O
de	O
goeie	O
oude	O
tijd	O
..	O
Waar	O
99%	O
vd	NORM
bevolking	O
klootjesvolk	O
is	O
die	O
moet	O
knikken	O
en	O
blij	O
zijn	O
om	O
wat	O
graantjes	O
te	O
krijgen	O
vd	NORM
rijken	O
..	O
De	O
Groenen	O
gaan	O
dit	O
bewerkstelligen	O
dr	NORM
miljarden	O
uit	O
onze	O
zakken	O
te	O
kloppen	O
om	O
onnozele	O
klimaatprojecten	O
te	O
bekostigen	O
..	O
https://t.co/h68hn8kBIY	O

Oilsjt	O
,	O
stad	O
van	O
m'n	NORM
dromen	O
..!	O

@jndkgrf	O
@laviejanroos	O
@MattHallmann	O
Hl	NORM
jmmr	NORM
dt	NORM
n	NORM
jngn	NORM
vn	NORM
ht	NORM
vlk	NORM
zch	NORM
z	NORM
ltir	NORM
pstlt	O
#etenindeduurstetentendannietvertellenwaar	O

seg	NORM
mijn	O
afkotinge	NORM
ni	NORM
gaan	O
verbetere	NORM
eh	O

mja	NORM
...	O
het	NORM
persoonlijk	O
vasthoude	NORM
zalk	NORM
ma	NORM
ni	NORM
voorstelle	NORM
,	O
haha	O
:d	O

Een	O
spoiler	O
.	O
Zodat	O
andere	O
midlifecrisis	O
Tesla	O
belieber	O
mannen	O
kunnen	O
zien	O
(	O
héél	NORM
belangrijk	O
op	O
de	O
Tesla	O
apenrots	O
;))	O
dat	O
je	O
15	O
mille	NORM
méér	NORM
betaalde	O
voor	O
zelfde	O
El	O
Cheapo	O
meukmotortje	O
.	O
Maar	O
voor	O
paar	O
seconden	O
toch	O
'	O
King	O
of	O
Traffic	O
Light	O
Sprints	O
'	O
kunt	O
zijn	O
.	O
Yay	O
!	O
Affijn	O
.	O
Jaar	O
later	O
:	O
https://t.co/yk3BP3OxHi	O

Oi	NORM
,	O
wa's	NORM
da	NORM
nou	O
;	O
toch	O
ginne	NORM
mexicaanse	NORM
?	O
Beterschap	O
;)	O

Ja	O
,	O
kdacht	NORM
gewoon	O
om	O
noggis	NORM
te	O
babbelen	O
.	O
:D	O

RT	O
@jan_snauwaert	O
:	O
Bovendien	O
zorgt	O
dat	O
idd	NORM
vr	NORM
een	O
kettingreactie	O
.	O
Een	O
positieve	O
(	O
wel	O
"	O
postief	O
"	O
in	O
regeltechnische	O
betekenis	O
)	O
feedback-loop	O
heet	O
dat	O
.	O
Erg	O
huiveringwekkend	O
.	O
Het	O
gaat	O
veel	O
sneller	O
de	O
héééél	NORM
slechte	O
kant	O
op	O
.	O
https://t.co/u4QWuQZmfg	O

Haha	O
,	O
ik	O
doe	O
idd	NORM
altijd	O
bobbys	NORM
denkek	NORM
.	O
:)	O

Jaaaaa	NORM
.	O
Wa	NORM
nog	O
aant	NORM
doen	O
mss	NORM
?	O

warom	NORM
jij	O
knuffie	O
niet	O
aan	O
kan	O
,	O
vrag	NORM
het	O
har	NORM
zelf	O
wees	O
'n	NORM
grote	O
jongen	O
mysterym	NORM

@DDaanV	O
aaaaight	NORM
!	O
Fuckin	O
pro	O
man=p	NORM
en	O
jaa	NORM
dn	NORM
zou	O
ik	O
ook	O
mr	NORM
gaan	O
slape	NORM
xD	O

wss	NORM
wa	NORM
pillekes	NORM
pakke	NORM
of	O
lijntje	O
snijve	NORM
moordgrietje	O
??	O

@Forced1988	O
aaight	NORM
niice	O
man	O
hoezee	NORM
tog	NORM
nog	O
vakantiee	NORM
!!	O
=p	O

we	NORM
hebbn	NORM
geen	O
kadootje	NORM
maar	O
wulle	NORM
gaan	O
...	O
tot	NORM
sebiet	NORM
!	O

Idd	NORM
,	O
Roen	O
in	O
shock	O
?	O

phuht	NORM
,	O
kben	NORM
ziek	O
ant	NORM
worde	NORM
denk	O
ik	O
:(	O
kzit	NORM
mee	NORM
braakneigingen	O
en	O
hevige	O
buikkrampen	O
:s	O

Directeur	O
,	O
fijne	O
kerst	O
!	O
Dinsdag	O
overdag	O
bakkietijd	O
?	O
Kom	O
ik	O
ff	NORM
naar	O
Waalwijk	O
..	O
X	O

hebben	NORM
jullie	O
gn	NORM
zin	O
om	O
vanavnd	NORM
iets	O
te	O
gaan	O
drinkn	NORM
?	O

Jaja	NORM
Kben	NORM
al	O
thuis	O
.	O
:)	O
Kben	NORM
loempia	O
aant	NORM
maken	O
,	O
Njam	O
.	O

@Nextbest6	O
@9suave	O
@pietje07	O
maar	NORM
ff	NORM
yusu	O
dat	O
verhaal	O
kan	O
kloppen	O
tot	O
“	O
ik	O
ben	O
een	O
kind	O
van	O
de	O
duivel	O
”	O
maar	O
een	O
bijbel	O
gooien	O
en	O
dan	O
weglopen	O
à	O
la	O
boonkgang	O
is	O
toch	O
wel	O
derover	NORM
fni	NORM

@Duuzzzz	O
C8	O
is	O
idd	NORM
goedkoper	O
,	O
maarrr	NORM
...	O
Geen	O
HDMI	O
2.1	O
en	O
dus	O
wat	O
minder	O
future	O
proof	O

mysterym	NORM
probee	NORM
rjij	NORM
maar	O
aan	O
'n	NORM
numemrke	NORM
tegeraken	NORM
lieve	O
jongen	O

haha	O
RedBoyke	O
jamaja	NORM
alsk	NORM
niej	NORM
andrs	NORM
kan	O
zeg	O
:o	O

Welkse	NORM
ebde	NORM
allemaal	O
,	O
ebde	NORM
veel	O
gedaan	O
vant	NORM
weekend	O
?	O

@kranscoaching	O
ow	NORM
hellup	NORM
#plankenkoorts	O
.	O
'k	NORM
Neem	NORM
m'n	NORM
laptoppie	NORM
wel	O
mee	O
:	O
daar	O
staan	O
alle	O
pianotweets	O
op	O
...	O
#nonstop	O

@Deaurin	O
@Scarbir	O
Oke	NORM
Oke	NORM
Oke	NORM
burgerking	NORM
is	O
inderdaad	O
lekkerde	NORM

kwil	NORM
gerust	O
keer	O
tg	NORM
u	O
drinken	O
fasteje	O
ge	NORM
zult	NORM
rap	O
sterrekes	NORM
zien	O
peisek	O

veel	NORM
afspraken	O
deze	O
dagen	O
.	O
zo	NORM
naar	O
het	O
bestuur	O
Umcg	NORM
,	O
daarna	O
naar	O
bewoner	O
Ubbo	O
Emmiussingel	O
tegenover	O
Gron	NORM
Museum	O
,	O
daarna	O
stadhuis	O
afspr	NORM

Mmm	O
,	O
ik	O
volg	O
effe	NORM
niet	O
...	O
:-S	O

jaze	NORM
,	O
zie	O
daje	NORM
me	O
zou	O
kome	NORM
stalke	NORM
knuffie	O
:D	O

Ey	NORM
,	O
ken	O
je	O
niet	O
betur	NORM
nedurlands	NORM
pratuh	NORM
jonguh	NORM
???	O
#wegmisbruikers	O

@DJ_Boy1993	O
COC	O
????	O
Ik	O
wil	O
wqel	NORM
op	O
nivo	NORM
meedoen	O
ja	O
.	O
Minimaal	O
Endemol	O

Ah	O
,	O
zis	NORM
ier	NORM
al	O
...	O

@Sanneke89	O
Iedereen	O
heeft	O
t	NORM
druk	O
,	O
kindslodaten	NORM
hebben	O
een	O
kutleven	O
dus	O
tkan	NORM
erger	O
.	O
Niets	O
mis	O
met	O
mijnleven	NORM
dus	O
ofzo	O
.	O
:D	O

meih	NORM
:p	O
mss	NORM
dattek	NORM
mij	O
strak	NORM
spelleke	NORM
opsttart	NORM
:p	O

dn	NORM
blijft	O
je	O
pc	NORM
ook	O
goe	NORM
onderhoude	NORM
se	O
askimm	O
,	O
hehe	O

Kom	O
geniet	O
n	NORM
Bar	O
Lunch	O
hierdie	NORM
Vrydag	NORM
by	NORM
die	NORM
Castle	O
Deck	O
.	O
Die	O
Toyota	O
Vrystaat	NORM
Cheetahs	O
pak	O
19:15	O
die	O
Leeus	O
aan	O
in	O
Toyota	O
Stadion	O
.	O
Kom	O
vroeg	O
en	O
geniet	O
die	O
dag	O
.	O
https://t.co/9C89HSlrvR	O

kzou	NORM
zeggn	NORM
kdeel	NORM
ze	O
mr	NORM
kan	O
ze	O
ni	NORM
missn	NORM
:	O
$	O

@dviate	O
knoertehardMAN	NORM
!	O
BAM	O
!	O
lol	O
Hajje	NORM
goe	NORM
gedaan	O
Zikkow	O
jongeh	NORM
!	O

kwil	NORM
ne	NORM
koffie	O
nemen	O
,	O
maareuh	NORM
kdenk	NORM
dak	NORM
het	O
wel	O
zonder	O
zal	O
doen	O
vanaaf	NORM

wrm	NORM
nie	NORM
flower	O
ben	O
euk	NORM
bezig	O
aant	NORM
drinke	NORM
:)	O

Kben	NORM
thuis	O
geraakt	NORM
.	O
:)	O
Xx	O

Jow	NORM
hebde	NORM
nu	O
ne	NORM
fiets	O
?	O

kben	NORM
aant	NORM
wachtn	NORM
tot	O
wanneer	O
ik	O
kan	O
meeprate	NORM
eh	O
:o	O

ale	NORM
kzal	NORM
nog	O
is	O
nen	NORM
redbull	NORM
drinke	NORM
:p	O

@serge_vanpaemel	O
@Knack	O
@vrtnws	O
@demorgen	O
@destandaard	O
Op	O
ht	NORM
vlak	O
v	NORM
MSM	O
communicatie	O
zijn	O
we	O
ht	NORM
Poetin	O
tijdperk	O
ver	O
voorbij	O
.	O
Poetin	O
verhult	O
niets	O
en	O
maakt	O
duidelijk	O
welk	O
wereldbeeld	O
hij	O
promoot	O
.	O
Onze	O
MSM	O
elite	O
omhult	O
zich	O
in	O
schapenvacht	O
v	O
neutraliteit	O
/	O
objectiviteit	O
maar	O
duwt	O
ons	O
de	O
gruwelijk	O
geflopte	O
groen-linkse	O
horror	O
dr	NORM
de	O
strot	O

mense	NORM
gaan	O
nie	NORM
stoppe	NORM
mee	NORM
naar	O
cafe	NORM
gaan	O
ze	O
omda	NORM
ze	O
niemeer	NORM
moge	NORM
roken	O

ja	NORM
effe	NORM
slaapverhaal	O
vertelle	NORM
vo	NORM
sophieke	O
eh	O
lol	O

kmoet	NORM
zoiezo	NORM
gn	NORM
zien	O
vriendin	O
vn	NORM
mij	O
eeft	NORM
sbiet	NORM
wedstrijdje	O
kunstschaatse	NORM
:	O
lol	O
:	O

Hoeiemorhen	NORM
!	O
Mohen	NORM
wij	O
deze	O
middah	NORM
op	O
de	O
koffie	O
komen	O
?	O
Zo	O
tehen	NORM
half	O
drie	O
,	O
drie	O
uur	O
?	O
Hroetjes	NORM
!	O

nje	NORM
za	NORM
bn	NORM
nog	O
ni	NORM
gebete	NORM

amai	NORM
mn	NORM
voete	NORM
maandag	O
gaat	O
het	O
30	O
grade	NORM
worde	NORM
ofwa	NORM

kzout	NORM
nie	NORM
wete	NORM
irnake	O
ant	NORM
geniete	NORM
vant	NORM
weer	O
zeker	O

jwl	NORM
:o	O
moe	NORM
kik	NORM
der	NORM
morge	NORM
vo	NORM
schut	O
guan	NORM
stoan	NORM
fwa	NORM
:o	O

we	NORM
zittn	NORM
int	NORM
galgenhuisje	O

RT	O
@arcinho	O
:	O
Die	O
gaat	O
helemaal	O
nergens	O
heen	O
joh	O
.	O
Heeft	O
net	O
een	O
nieuwe	O
electrische	NORM
bakfiets	O
gekocht	O
,	O
dat	O
maaltijdbox-abonnement	O
zeg	O
je	O
toch	O
ook	O
niet	O
zomaar	O
op	O
,	O
en	O
ze	O
hebben	O
al	O
geboekt	O
voor	O
Oerol	O
volgend	O
jaar	O
.	O
Schöne	O
is	O
de	O
ultieme	O
Hollandse	O
voetbalyup	O
.	O
https://t.co/ZVtKM7IIzt	O

No	O
problemo	O
.	O
Donderdagav	NORM
.	O
Lukt	O
ook	O
nog	O
vr	NORM
mij	O
.	O

@RoelVerrycken	O
Duid	O
eens	O
CChristie	O
tov	NORM
MRomney	O
en	O
RPerry	O
aub	NORM
.	O

Aja	NORM
,	O
leuk	O
idee	O
!	O
Mijn	O
kotgenoten	O
zullen	O
ws	NORM
toch	O
niet	O
thuis	O
zijn	O
.	O
:-)	O

@kellyphielix	O
@vIeeseter	O
klinkt	NORM
wel	O
zo	O
via	O
twitter	O
😔	O
en	O
van	O
is	O
het	O
niet	O
ultra	O
gay	O
als	O
in	O
pls	NORM
vertel	O
me	O
dat	O
het	O
niet	O
zo	O
is	O
maar	O
dude	O
I	O
love	O
this	O
hair	O
sws	NORM
deze	O
lengte	O
ook	O

sebiet	NORM
buite	NORM
sneeuwballe	NORM
gooie	NORM
naar	O
de	O
flikke	NORM
:p	O

Kak	O
,	O
nouja	O
,	O
dan	O
binnenkort	O
maar	O
...	O
Kussie	NORM

wrmhouden	NORM
ze	O
die	O
zelfde	O
energy	NORM
niet	O
bij	O
haar	O
dan	O
???	O
💀	O
zeg	O
maar	O
pretty	O
privilege	O
issa	O
thing	O
in	O
holland	NORM
,	O
maar	O
in	O
belgië	NORM
?	O
braddaaaaa	NORM
,	O
als	O
je	O
mooi	O
bent	O
kan	O
je	O
nog	O
op	O
iemand	O
poepen	O
en	O
ze	O
zeggen	O
nog	O
dankjewel	O
smh	O

RT	O
@bullie_smith	O
:	O
Hier	O
word	NORM
Suid-Afrikaanse	NORM
onderwys	NORM
van	O
vandag	NORM
in	O
ń	NORM
paar	O
minute	NORM
opgesom	NORM
.....😁	O
https://t.co/ZSzhLimkfW	O

Dankje	O
,	O
twas	NORM
tof	O
om	O
te	O
doen	O
.	O
:)	O

Wa	NORM
daje	NORM
aant.in	NORM
vullen	NORM
zijt	NORM

Vandaag	O
eerste	O
GS-vergadering	O
olv	NORM
kersverse	O
CdK	O
@TheoBovens	O
met	O
oa	NORM
mijn	O
twitterende	O
collega	O
&	O
#39	O
;s	O
@AJanssenPVV	O
en	O
@PatrickvdBroeck	O

zwijge	NORM
dan	O
kan	O
ikkeuh	NORM
effe	NORM
volge	NORM
sebiet	NORM
:p	O

Kweetni	NORM
,	O
we	O
eten	O
rond	O
20	O
uur	O
,	O
daarna	O
mss	NORM
gaan	O
of	O
eerst	O
iets	O
.	O
drinken	O
.	O
:)	O

owkeeeeeee	NORM
keb	NORM
u	O
voor	O
iemand	O
andrs	NORM
pit_bull	O
srry	NORM
xD	O

jaaaa	NORM
tzal	NORM
wl	NORM
ma	NORM
u	O
lief	O
wrs	NORM
niej	NORM
:o	O

Rotjoch	O
neeeeeee	NORM
neeeee	NORM
tuurlijk	NORM
niej	NORM
jong	O

merci	NORM
voo	NORM
de	O
kadootjes	NORM
....	O
kben	NORM
verschrikkelijk	O
wild	O

Nieuwe	O
verslaving	O
.	O
Spel	O
south	NORM
park	NORM
mega	NORM
miljonaire	NORM

@amymeysmans	O
kijk	NORM
nu	O
even	O
iets	O
leuk	NORM
ofzo	O
om	O
ff	NORM
te	O
ontspannen	O
en	O
rampscenario's	O
ff	NORM
uit	O
te	O
schakelen	O
.	O
Onderweg	O
leuk	O
muziekje	O
opzetten	O
ofzo	O
,	O
en	O
gewoon	O
echt	O
rustig	O
in	O
en	O
uit	O
blijven	O
ademen	O

@KroosSara	O
Aanloopkat	O
.	O
Zeker	O
.	O
Zo	O
hebbie	NORM
ook	O
doorloopkatten	O
en	O
wegloopkatten	O
.	O
Duurloopkatten	O
en	O
Leegloopkatten	O
....	O
Levensloopkatten	O
?	O

kben	NORM
net	O
terug	O
...	O
tzal	NORM
voor	O
deze	O
week	O
zijn	O
wellicht	O

@MeneerEnsaf	O
Gaayij	O
pm	O
de	O
braag	O
of	O
het	O
klopt	O
.	O
Telegraaf	O
iis	NORM
meestal	O
goed	O
geinfoeerd	NORM
.	O

Dacht	O
ik	O
wel	O
.	O
Kon	O
beter	O
nr	NORM
voetbal	O
gn	NORM
zien	O
..	O
hij	NORM
is	O
uw	O
kasken	NORM
aant	NORM
leeghalen	O
,	O
tof	O
zicht	O
.	O

Kusjes	O
terug	O
.	O
Xxxxxx	O
ik	O
zie	O
he	NORM
graaaag	NORM
!	O

Magali	O
eeft	NORM
ier	NORM
weer	O
goe	NORM
aar	NORM
klapke	NORM
gedaan	O
,	O
dien	NORM
gast	O
nodigt	O
ier	NORM
iedereen	O
uit	O
;p	O

Ja	O
.	O
Ik	O
kom	O
.	O
Ben	O
nog	O
ff	NORM
aant	NORM
kickeren	O
.	O

hier	NORM
zulde	NORM
wss	NORM
ook	O
moete	NORM
betale	NORM
voor	O
een	O
profiel	O
ofzo	O

Heuh	O
er	O
komen	O
nu	O
ineens	O
een	O
heeeleboel	NORM
smsjes	NORM
aan	O
....	O

mjaaa	NORM
pff	O
wete	NORM
dr	NORM
komt	O
daar	O
gwn	NORM
niemand	O
tussen	O
...	O

HEEEEEEERluk	NORM
gekookt	O
voor	O
Ro	O
.	O
jum	NORM
jummmjumm	NORM
!	O
probeerseltje	NORM
,	O
maar	O
ik	O
moet	O
zeggen	O
:	O
terrific	O
:-))	O

kheb	NORM
kik	NORM
no	NORM
tochwel	NORM
iets	O
verschrikkellijo	NORM
grappigs	O
gehoord	O
zekerst	NORM
?	O

Tering	O
...	O
Wat	O
is	O
Cornald	O
Maas	O
irri	NORM
als	O
presentatort	NORM
zeg	O
!	O
Volgend	O
jaar	O
een	O
lekker	O
wief	NORM
aub	NORM
!	O
#televizierring	O

wel	NORM
kging	NORM
normaal	O
vanavnd	NORM
brainstormen	O
voor	O
het	O
bouwen	O
van	O
een	O
app	NORM

ti	NORM
omdak	NORM
geen	O
zukken	NORM
droge	O
zak	O
benne	NORM
lik	NORM
dereste	NORM
zkr	NORM

zo	NORM
wete	NORM
de	O
oudere	O
ook	O
da	NORM
ze	O
uit	O
mene	NORM
pv	O
moete	NORM
blijve	NORM
:p	O

tkomt	NORM
nie	NORM
goe	NORM
,	O
tkomt	NORM
nie	NORM
goe	NORM
,	O
kvoel	NORM
het	O

Jaaaaa	NORM
!	O
Er	O
ligt	O
witte	O
wijn	O
kouddd	NORM
!	O
X	O

Euhm	O
,	O
Kzit	NORM
nog	O
altijd	O
niet	O
bij	O
ganges	O
dus	O
tzal	NORM
zeer	O
laat	O
worden	O
lintje	O
.	O
:)	O

@beauty_freak	O
Goedzo	O
!	O
Hhahaha	O
,	O
kan	O
je	O
temiste	NORM
nog	O
ff	NORM
vooruit	O
.	O

@WalkintheClauds	O
nahw	NORM
ickk	NORM
oowk	NORM
fn	NORM
jau	NORM
;	O
4	O
$	O
:$	O

Ik	O
ben	O
ik	NORM
KH	O
.	O
Hebben	O
inderdaad	O
een	O
scannert	NORM
.	O
Kom	O
maar	O
langs	O
!	O
X	O

Slaapwel	O
mn	NORM
aardbei	O
.	O
X	O

Zieet	NORM
ni	NORM
zitten	O
?	O

@MediaMentorMM	O
@telegraaf	O
We	O
hebben	O
1	O
leger	O
(	O
straks	O
1	O
#EU	O
leger	O
)	O
omwille	O
v	NORM
angst	O
vr	NORM
de	O
ander	O
;	O
waarmee	O
je	O
slotzin	O
ontkracht	O
is	O
.	O
Tevens	O
behoed	O
angst	O
je	O
vr	NORM
schade	O
dr	NORM
onvrijwillig	O
gelopen	O
risico	O
.	O
AvG	O
vindt	O
#burka	O
eng	O
omdat	O
er	O
geen	O
risico	O
inschatten	NORM
mogelijk	O
is	O
;	O
terecht	O
ivm	NORM
exploderende	O
#boerka	O
bomgordel	O
https://t.co/z1Q6Sh8L0H	O

Jah	NORM
,	O
die	O
moeten	O
ni	NORM
werken	O
vandage	NORM

Oke	NORM
!	O
Ik	O
begrijp	O
het	O
!	O
Half	O
uurtje	O
later	O
oid	NORM
!?	O
Kusjes	O

Kheb	NORM
speciaal	O
voor	O
jullie	O
vrijgemaakt	O
omdat	O
hanne	NORM
me	O
zo'n	O
mooi	O
berichtje	O
stuurde	O
.	O
;)	O

LOL	O
.	O
Ier	NORM
ist	NORM
<	O
#	O
>	O
23	O
minuut	O
oleeeee	O
.	O

jaaa	NORM
Shoukriya	O
wrm	NORM
andrs	NORM
om	O
monopoli	NORM
te	O
spelen	O
?	O
:	O
s	O
:p	O

jaaaa	NORM
pipo	O
-	O
kweetet	NORM
ma	NORM
alsk	NORM
frieten	O
niej	NORM
kan	O
eten	O
:	O
x	O

@HelaasPindakaas	O
nou	NORM
ieder	O
zn	NORM
professionaliteit	O
:P	O
k	NORM
bn	NORM
dichterbij	O
beter(A)	NORM
jij	O
bn	NORM
verdr	NORM
weg	O
beter(A)	NORM

Wanneer	O
je	O
wil	O
,	O
Kben	NORM
nu	O
aant	NORM
bakken	O
.	O
:)	O

Oesje	O
spijtig	O
...	O
Kzit	NORM
thuis	O
:-)	O

ook	NORM
opt	NORM
gemakske	NORM
he	O
kem	O
genote	NORM
vant	NORM
goe	NORM
weerke	NORM
flower	O

neeje	NORM
Bounty_V	O
kzou	NORM
ni	NORM
wete	NORM
wrm	NORM
lol	O

Eng	NORM
3	NORM
ltje	NORM
oei	O
:)	O
hehe	O
omda	NORM
em	NORM
me	O
weeral	NORM
verlaat	O
drm	NORM

mijn	NORM
thijsje	NORM
nogwel	O
moetek	NORM
een	O
ander	O
slachtoffeer	NORM
gon	NORM
zoeke	NORM
lool	O

hehe	O
mja	NORM
:p	O
kzou	NORM
ni	NORM
wete	NORM
waar	O
ik	O
moet	O
zijn	O
se	O
;)	O

Nope	NORM
,	O
ma	NORM
jb	O
stelde	O
da	NORM
voor	O

pff	NORM
kwe	NORM
ni	NORM
kvoel	NORM
my	NORM
stom	O
iedereen	O
negeert	O
mij	O
alty	NORM
hebt	NORM
eigelijk	O
gn	NORM
vriende	NORM
:(	O

Witnie	NORM
...	O
Kwou	NORM
wel	O
eerst	O
even	O
bij	O
Persoon	O
29	O
langs	O
,	O
en	O
misschien	O
bij	O
haar	O
eten	O
?	O

RT	O
@_janpostma_	O
:	O
Trump	O
tweet	O
over	O
de	O
ratten	O
en	O
muizen	O
in	O
Baltimore	O
.	O
Het	O
bedrij	NORM
van	O
zijn	O
schoonzoon	O
en	O
Witte	O
Huis-adviseur	O
Jared	O
Kushner	O
verhuurt	O
duizenden	O
huizen	O
in	O
Baltimore	O
.	O
Bewoners	O
klagen	O
er	O
over	O
lekkage	O
,	O
achterstallig	O
onderhoud	O
en	O
..	O
muizen	O
.	O
https://t.co/ApnZAKPe1V	O

kben	NORM
nieuw	O
en	O
ksnap	NORM
ht	NORM
ng	NORM
ni	NORM
goe	NORM

RT	O
@DuBoyKermit	O
:	O
PATTA	NORM
JACKA	NORM
IETS	NORM
TE	NORM
WEINIG	NORM
MONNIE	NORM
IN	NORM
ME	NORM
ZAKKEN	NORM
MAAR	NORM
DAT	NORM
MAAKT	NORM
NIET	NORM
UIT	NORM
DAT	NORM
MAAKT	NORM
VANDAAAAAAG	NORM
NIET	NORM
UITTTTTTT	NORM

dak	NORM
t	NORM
niej	NORM
weet	O
thaha	NORM
eentje	O
dat	O
gaan	O
naderlents	NORM
kend	NORM
;o	O

gn	NORM
probleem	O
tzal	NORM
voor	O
vanavnd	NORM
zijn	O

@HelaasPindakaas	O
@forced1988	O
@ddaanv	O
@spartan23r	O
@kyrosyves	O
volges	NORM
mij	O
gaan	O
heel	O
weinig	O
mensen	O
ut	NORM
afhebbe	NORM
ofzo	O
=p	O
gwn	NORM
een	O
voorgevoel(a)	NORM

Waaaaaaah	O
,	O
kheb	NORM
vlinders	O
in	O
mijn	O
buik	O
door	O
uw	O
ochtendkusjes	O
!	O
Mss	NORM
moet	O
ik	O
ze	O
eens	O
komen	O
bekijken	O
merg	O
een	O
gastroscopie	O
.	O
:)	O

Hihi	O
,	O
kheb	NORM
mij	O
keihard	O
overslapen	NORM
:-)	O

graag	NORM
maar	O
kben	NORM
doodmoe	O
...	O
donderdagavnd	NORM
?	O

alsk	NORM
knuffkes	NORM
krijg	O
van	O
DragonsFire	O
kan	O
mene	NORM
dag	O
ook	O
nimer	NORM
stuk	O
:)	O

@tea_girl	O
Ik	O
vind	O
het	O
zo	O
sneu	O
.	O
Voor	O
jullie	O
én	NORM
voor	O
Okki	O
.	O
Zhe	NORM
heeft	O
zich	O
ws	NORM
teruggetrokken	O
in	O
een	O
hoekje	O
omdat	O
ze	O
ziek	O
is	O
.	O
knuff	NORM

mo	NORM
jong	O
'k	NORM
toch	O
,	O
davoor	NORM
ziej	NORM
te	O
loate	NORM
wi	O

kheb	NORM
ze	O
doorgemaild	O
naar	O
uj	NORM
hotmail	O
...	O
tzij	NORM
vier	O
mails	O

ben	NORM
vantweekend	NORM
tege	NORM
gehoude	NORM
amai	O
wa	NORM
ik	O
allemaal	O
moeste	NORM
doene	NORM
nie	NORM
nrml	NORM

Wat	O
'n	NORM
bof	O
:	O
gedreven	O
Kruiskerkgemeente	O
,	O
jongerenwerker	O
,	O
voltallige	O
kerkenraad	O
,	O
cantorij	O
,	O
cantrix	O
,	O
enz.	NORM
enz.	NORM
Dank	NORM
!	O

@admirael	O
Ook	O
ghoeden	NORM
morghen	NORM
Capitano	O
.	O
Weeghens	NORM
importante	NORM
beezigheeden	NORM
ietwat	NORM
laeter	NORM
maer	NORM
niet	O
minder	O
ghemeend	NORM
.	O
1	O
/	O

Tzal	NORM
weer	O
2de	O
u	NORM
worden	O
:-P	O

Neeneen	NORM
,	O
ma	NORM
tis	NORM
omdat	O
ik	O
mss	NORM
iets	O
wil	O
gaan	O
drinken	O
als	O
ik	O
op	O
tijd	O
thuis	O
ben.	O

dr	NORM
zitte	NORM
dure	O
spinne	NORM
tusse	NORM
za	O
:)	O

Xje	O
voor	O
mijn	O
mooie	O
meisje	O
!!	O
Mmmwah	O

Joepie	O
!	O
Ik	O
krijg	O
graag	O
smakkerds	NORM
!	O
:D	O
kuskuskuskus	NORM
knuffeeeeeeel	NORM
!	O

Kunt	O
zien	O
daje	NORM
mee	O
gaat	O
zuuh	O
x	O

1	O
gram	O
is	O
genoeg	O
mr.	NORM
Pothead	O
.	O
Groetjes	O
aan	O
ketrien	O

neje	NORM
StampGirl	O
daar	O
ist	NORM
nog	O
te	O
vruug	NORM
veur	NORM

Opb	NORM
ezoek	NORM
bij	O
101	O
-	O
jarige	O
mevrouw	O
A.C.	O
Telgenhof	O
Oude	O
Koehorst-Klein	O
Gebbink	O
🎂	O
#heelveellkaarsjes	O
http://t.co/auP987th	O

we	NORM
gingn	NORM
toch	O
vrijdagavnd	NORM
?	O

heb	NORM
ze	O
gwn	NORM
irl	O
gezien	O
als	O
vrienden	O
hé	O
,	O
moette	NORM
dervoor	NORM
toch	O
geen	O
geheim	O
hebbe	NORM
?	O

vo	NORM
mense	NORM
die	O
em	NORM
ni	NORM
omhoog	O
krijge	NORM
wss	NORM

Mooie	O
vakantie	O
gehad	O
buur	NORM
?	O
Hier	O
alles	O
lekkah	NORM
lekkah	NORM
!	O
Vreten	O
op	O
Aard	NORM
..	O

Kmoet	NORM
naar	O
den	NORM
beenhouwer	O
.	O
Hebben	O
wij	O
nog	O
iets	O
nodig	O
?	O
Love	O
you	O
!	O

@DDaanV	O
@Chaos_Killer	O
ziet	NORM
dr	NORM
idd	NORM
beswll	NORM
fkcin	O
vet	O
uit	O
:P	O

diehardm	NORM
vnwaar	NORM
moete	NORM
erges	NORM
kome	NORM
weetk	NORM
hoelang	O
k	NORM
zeker	O
moet	O
wakker	O
blijve	NORM
^^	O

Ma	NORM
Huh	O
,	O
kben	NORM
ni	NORM
mee	O
ze	O
:p	O

Sgoed	NORM
ze	O
,	O
tzal	NORM
wel	O
lukken	O

@HelaasPindakaas	O
vind	NORM
ut	NORM
een	O
btj	NORM
tegenvallen	O
mja	NORM
k	NORM
speel	O
zoiso	NORM
geen	O
7	O
uur	O
8er	NORM
elkaar	O
=p	O

Reaper	O
bwa	O
morgen	O
gwn	NORM
nen	NORM
reinstall	O
doen	O
:p	O

Hé	O
Broabant	NORM
!	O
Ge	NORM
ken	NORM
de	O
groete	NORM
uut	NORM
Sassendonk	O
krijge	NORM
!	O
#carnaval	O

Kben	NORM
veilig	O
op	O
kot	O
.	O
:)	O
zie	O
je	O
graaaaaaaaag	NORM
!!!	O
Xxxxxoxoxoxoxoxo	NORM

aje	NORM
zin	O
ebt	NORM
om	O
enen	NORM
te	O
komen	O
drinkn	NORM
spring	O
gerust	O
binn	NORM

wrm	NORM
jij	O
ni	NORM
weeste	NORM
werke	NORM
mss	NORM
davina	NORM
?	O
:D	O

RT	O
@LindeVanhoorne	O
:	O
sorry	NORM
als	O
ik	O
boos	O
ben	O
op	O
u	O
for	O
no	O
reason	O
,	O
I	O
just	O
love	O
u,	O
ik	O
werk	O
gwn	NORM
mijn	O
frustraties	O
op	O
mensen	O
uit	O
diek	NORM
graag	O
zie	O
sorr	NORM

@DDaanV	O
jaa	NORM
kvin	NORM
gaga	NORM
mreen	NORM
kutkind	O
=p	O

nja	NORM
verlof	O
moe	NORM
wel	O
ff	NORM
ne	NORM
boeke	NORM
leze	NORM
:)	O

Jup	NORM
:-)	O
en	O
mss	NORM
een	O
koekske	NORM
ofzo	O
:-D	O

Jaro	O
Redczus	O
:	O
Check	NORM
ned	NORM
1	O
!	O

Slaapwel	O
lieveling	O
.	O
Ik	O
zorg	O
je	O
echt	O
graaaag	NORM
!	O
Xx	O

RT	O
@myriam_vhj	O
:	O
@RPlasterk	O
@LavieJanRoos	O
@amnestynl	O
Amnesty	O
baseert	O
haar	O
burqa	NORM
beleid	O
op	O
het	O
oordeel	O
het	NORM
VN-Mensenrechten	O
comité	O
De	NORM
zittende	O
leden	O
van	O
dit	O
comité	O
zijn	O
o.a.	NORM
Pakistan	O
,	O
Saoedie	NORM
Arabië	O
,	O
Qatar	O
De	O
debilisering	O
gaat	O
gestaag	O
door	O
.	O

kheb	NORM
wa	NORM
lozerkes	NORM
uit	O
mn	NORM
dagboekske	NORM

kmoe	NORM
vanavnd	NORM
na	NORM
een	O
verjaardagsfeestje	O
...	O
tzal	NORM
vo	NORM
deze	O
week	O
zijn	O
...	O
woensdagavnd	NORM
?	O

Eigentlijk	NORM
ni	NORM
.	O
Gewoon	O
een	O
ietwat	O
vervelend	O
gevoel	O
...	O

Oei	O
,	O
da	NORM
laatstemoest	NORM
ik	O
naar	O
mn	NORM
broer	O
sturen	O
.	O
:)	O

Raarrr	NORM
!	O
Bij	O
mij	O
ziet	O
het	O
smsje	NORM
er	O
anders	O
uit	O
hoor	O
:	O
p	O
!	O
Kusje	O

we	NORM
zijn	O
aant	NORM
kijkn	NORM

ik	NORM
wil	O
sindragosa	O
eens	O
een	O
tafel	O
zien	O
afruime	NORM
dmv	NORM
aan	O
het	O
tafellake	NORM
te	O
trekke	NORM
:p	O

Moeilijk	O
,	O
mss	NORM
vrijdagavond	O
ff	NORM
.	O
:)	O

Zit	O
ook	O
op	O
trein	O
.	O
Vnvnd	NORM
geen	O
Meileken	O
.	O

Joepie	O
!	O
Dankaxb	NORM
hij	O
radioactive	NORM
kids	O
maken	O
.	O
:)	O

ai	NORM
Valleke	O
tochu	NORM
bent	O
presies	NORM
een	O
popke	NORM
een	O
wvl	O
schone	O

tkopke	NORM
draait	O
soms	O
nekeer	NORM
ebitje	NORM
deure	NORM
,	O
maar	O
da	NORM
paseert	NORM
wel	O

kvind	NORM
velen	O
slim	O
tov	NORM
zizzi	O
...	O
tzal	NORM
wel	O
aan	O
mij	O
ligge	NORM
zeker	O
:p	O

Woensdagvond	O
tijd	O
voor'n	NORM
spelletje	O
?	O

mmmmm	O
ben	O
dus	O
23	O
m	O
uit	O
wvl	O
mensn	NORM
ni	NORM
zoma	NORM
privé	O
aub	NORM
thx	O

Danku	NORM
,	O
khoop	NORM
het	O
ook	O
.	O
;)	O
gij	NORM
ook	O
veel	O
succes	O
.	O
:)	O
x	O

Slaapwel	O
mn	NORM
zoetie	O
.	O
X	O

zinom	NORM
vrijdag	O
enen	NORM
te	O
gaan	O
drinkn	NORM
in	O
gent	NORM
?	O

Tis	NORM
leuk	O
...	O
khoop	NORM
wel	O
dat	O
jij	O
nog	O
zin	O
zal	O
hebben	O
....	O
:D	O
Xx	O

kweet	NORM
het	O
wel	O
Knuffie	O
:p	O
kheb	NORM
zo	O
al	O
verhale	NORM
gehoort	O
van	O
u	O
:p	O
wete	NORM
nog	O
;)	O

awel	NORM
koppelkes	NORM
moetn	NORM
in	O
bed	O
liggn	NORM
ej	O
mmissy	O
:p	O

Kga	NORM
mn	NORM
best	O
doen	O
;)	O

's	NORM
goed	O
;	O
tot	O
'n	NORM
donderdag	O
dan	O
!	O

Goede	O
bijeenkomst	O
vsab	O
CAB	O
DMS	O
gehgad	NORM
.	O
Goede	O
bgesluiten	NORM
genomen	O

Thanks	O
!	O
Tgaat	NORM
door	O
!	O

Yo	NORM
,	O
wa	NORM
doet	NORM
ge	NORM
vanavond	O
?	O
Greetz	NORM

jah	NORM
miss	NORM
kwor	NORM
iere	NORM
gwn	NORM
besext	O
door	O
Wollywell	O
:o	O

jip	NORM
we	O
zulln	NORM
n	NORM
stuk	O
of	O
12	O
meepakkn	NORM

deentje	NORM
hoe	O
levensloos	NORM
bentgy	NORM
dan	O
welni	NORM
?	O
;d	O

Vnvnd	NORM
niet	O
.	O
Morgwb	NORM

"	O
'	O
Genoeg	O
!	O
Check	O
maar	O
op	O
sneeuwhoogte.nl	O
;	O
)	O
!	O
Minstens	O
60	O
cm.	NORM
...	O
Kus	O
'	O
"	O

dus	NORM
belgen	NORM
gaan	O
altijd	O
helemaaaal	NORM
HAM	NORM
wanneer	O
iemand	O
een	O
joke	O
maakt	O
mbt	NORM
geloof	O
,	O
maar	O
omdat	O
deze	O
ams	O
beetje	O
derm	O
is	O
heeft	O
ze	O
freepass	O
he	O
?	O
i	O
see	O
kanker	O
schapen	O

Hmm	O
we	O
hebben	O
ook	O
nog	O
wel	O
het	O
eea	NORM
aan	O
statiegeldmeuk	NORM
staan	O
..	O

effe	NORM
me	O
wasse	NORM
,	O
triske	NORM
eeft	NORM
ne	NORM
kus	O
gegeve	NORM
:	O
pp	O

hehe	O
:p	O
mjah	NORM
alst	NORM
een	O
afscheidsfeestje	O
is	O
dan	O
magtem	NORM
al	O
nen	NORM
keer	O
gek	O
doen	O

Jeej	NORM
,	O
mss	NORM
kanj	NORM
in	O
mn	NORM
valies	O
?	O
:)	O

kzal	NORM
sebiet	O
StampGirl	O
haar	O
favo	NORM
eten	O
is	NORM
klaar	O
maken	O
se	O
DJFacteuR	O

Kzal	NORM
snel	O
komen	O
.	O
:)	O
forest	NORM
gump	NORM
achterna	O

Khoop	NORM
het	O
ook	O
.	O
:)	O
honeyponey	NORM
.	O

Gawe	NORM
vanavond	O
keer	O
coop	O
doen	O
dan	O
?	O

zullen	NORM
mense	NORM
met	O
handikapt	NORM
dat	O
ze	O
ni	NORM
zelf	O
veroorzaakt	O
hebbe	NORM
graag	O
hore	NORM

wie	NORM
wiltr	NORM
prive	NORM
koomn	NORM
klapn	NORM
vn	NORM
de	O
meiske's	NORM

@cwuijts	O
Heee	O
Hapzoerkool	O
.	O
Ieje	O
ook	O
?	O
Ikook	NORM
Hoelaat	O
?	O

Lieve	O
#hogeremacht	O
,	O
mag	O
ik	O
vandaag	O
m'n	NORM
TTT	O
halen	O
en	O
morgen	O
m'n	NORM
treinaansluiting	O
?	O
Dankuwel	O
.	O

Met	O
conversie	O
gaat	O
betreffende	O
bank	O
je	O
gepinde	O
Kuna	O
omzetten	O
naar	O
Euro	O
.	O
Letop	NORM
tegen	O
een	O
wisselkoers	O
van	O
6,5	O
Kuna	O
voor	O
1	O
€	O
Zonder	NORM
conversie	O
wordt	O
je	O
rekening	O
belast	O
met	O
Kuna	O
,	O
en	O
gaat	O
je	O
thuis	O
bank	O
die	O
omzetten	O
.	O
Vorige	O
jaren	O
was	O
het	O
voordeligst	O
want	O
koers	O
in	O
NL	NORM
was	O
7,14	O

@Vossekopje	O
....	O
ssssorry	NORM
.	O
Feestje	O
houen	NORM
?	O
Gluhwein	O
,	O
slaapzakken	O
,	O
pretzels	O
en	O
brie-uit-een-blikje	NORM
?	O

Gaan	O
we	O
ne	NORM
koekoek	O
drinken	O
bij	O
snor	O
vnvnd	NORM
?	O
Rond	O
20	O
u	NORM
?	O

de	NORM
vogelkes	NORM
doen	O
goe	NORM
hun	O
best	O
buiten	O
,	O
amaai	O
azo	NORM
fluitn	NORM

:p	O
newayz	NORM
kga	NORM
mij	O
ene	NORM
draaie	NORM
kga	NORM
mij	O
nimeer	NORM
zo	O
vervele	NORM

Ok	NORM
.	O
Kzal	NORM
mijn	O
best	O
doen	O
.	O
:)	O
doggie	O
style	O
?	O

laminuta	NORM
blond	O
mss	NORM
ni	NORM
ma	NORM
loemp	O
wss	NORM
wel	O
:p	O

zweenie	NORM
ofziets	NORM
hebbe	NORM
we	O
toen	O
uit	O
een	O
raam	O
gehange	NORM
omdat	O
hem	O
cheate	O

alsk	NORM
erop	O
lig	O
zalk	NORM
zowiezo	NORM
wel	O
beginne	NORM
zweve	NORM
Knuffie	O
;)	O

Bah	O
nu	O
egt	NORM
wakker	O
:c	O
facking	O
moe	O
zometeen	O
naar	O
zuidlaren	NORM
naar	O
pra	O
bloedprikken	O

Nee	O
,	O
1	O
maart	O
,	O
dinsdag	O
dus	O
:)	O
Maarre	NORM
,	O
Estee	O
vraagt	O
zich	O
af	O
waar	O
je	O
blijft	O
!	O

Binne	NORM
15	O
min	NORM
ongeveer	O
vertrekken	O
scheetie	NORM
.	O
Love	O
you	O
!	O

Ja	O
Lenie	O
,	O
kweet	NORM
ook	O
wel	O
daje	NORM
da	NORM
ni	NORM
ebt	NORM
kunnen	O
kiezen	O
hé	O
...	O

kga	NORM
mss	NORM
nr	NORM
afterwork	O
int	NORM
feestp	NORM
den	NORM
21e	O
:p	O

@Kurt_Rogiers	O
en	O
@winelauwers	O
spelen	O
tss	NORM
7	O
&	O
8	O
#DynasTienVoorTaal	O
nav	NORM
koningsdag	O
op	O
@Qmusic_BE	O

kad	NORM
prcs	NORM
nen	NORM
andere	O
nickname	O
moete	NORM
neme	NORM
:p	O

roodje_m	NORM
van	O
mij	O
moogde	NORM
zunne	O
:p	O
kben	NORM
tweekend	NORM
toch	O
nie	NORM
thuis	O
:p	O

@MonikaVanLaar	O
@soestjoy	O
A.	O
was	O
erg	O
commercieel	O
én	NORM
druk	O
,	O
ondanks	O
tijddtip	NORM
.	O
B.	O
was	O
stuk	O
rustiger	O
,	O
gelukkig	O
zónder	NORM
gids	O
geweest	O
.	O

Jaro	O
Redczus	O
:	O
Wel	O
lache	NORM
natuurlijk	O
,	O
met	O
een	O
grotere	O
groep	O
:)	O

ma	NORM
kben	NORM
eigelijk	NORM
ng	NORM
aant	NORM
denken	O
ofdak	NORM
vanaavond	NORM
ng	NORM
is	NORM
zou	O
gaan	O
lopen	O
?	O

moetk	NORM
u	O
gn	NORM
zoeke	NORM
tss	NORM
die	O
40	O
gefrustreerde	O
privegesprekken	NORM
?	O
:	O
p	O

HAHAHAH	O
KLEIR	O
kan	O
nimeer	NORM
,	O
Twitter	O
doet	O
mij	O
elke	O
dag	O
kpl	O
das	NORM
goe	NORM
voor	O
de	O
gezondheid	O

jeetsels	NORM
allen	O
wann	NORM
nemen	O
jullie	O
de	O
trein	O
vanavnd	NORM
?	O

keb	NORM
teveel	O
werk	O
vo	NORM
de	NORM
moment	O
...	O
tzal	NORM
vo	NORM
nen	NORM
amdere	NORM
ke	NORM
zijn	O

Okee	NORM
ik	O
kom	O
dalijk	NORM
naar	O
<	O
KROEGNAAM	O
>	O
.	O

Komde	NORM
vanavond	O
een	O
pilske	NORM
vatten	NORM
?	O
X	O

mmissy	NORM
zeje	NORM
ng	NORM
ni	NORM
trg	NORM
vn	NORM
te	O
dompe	O
?	O

ff	NORM
een	O
ucs	O
naar	O
m'n	NORM
mattie	NORM
fatima	O
.	O
fakaaaa	NORM
fatimaaa	O
!!	O

we	NORM
zijn	O
reeds	O
klaaar	NORM
waar	O
gaan	O
we	O
drinkn	NORM
?	O

@captboo	O
jaa	NORM
!!	O
:P	O
pcies	NORM
dat	O
..	O
tweetdeck	O
in	O
t	NORM
russish	NORM
ofzo	O
:P	O

idd	NORM
miyanna	O
passief	O
roken	O
das	NORM
allemaal	O
gn	NORM
probl	NORM
wss	NORM
eh	O

grrr	NORM
dan	O
hebde	NORM
wl	NORM
nx	NORM
meer	O
aan	O
mij	O
ea	NORM
:o	O

voor	NORM
mij	O
was	O
da	NORM
gn	NORM
problemo	NORM

Doen	O
dit	O
slegs	NORM
as	NORM
jy	NORM
daardie	NORM
feit	O
in	O
‘n	NORM
artikel	O
of	O
‘n	NORM
boek	O
kon	O
bevestig	NORM
.	O

Brunetteke	NORM
ziede	NORM
ni	NORM
goe	NORM
mss	NORM
;)	O

RT	O
@Mirbak	O
:	O
@Tess	O
IK	NORM
WEEEEEET	NORM
HETTTTTTT	NORM
LMFAO	O
/	O
....	O
h-h-h-h	O
--	O
oookee	NORM

@DDaanV	O
das	NORM
beswell	NORM
een	O
meuie	NORM
lijst	O
=p	O
dikke	O
bashlist	O
=p	O

RT	O
@zemmelina	O
:	O
dus	NORM
belgen	O
gaan	O
altijd	O
helemaaaal	NORM
HAM	NORM
wanneer	O
iemand	O
een	O
joke	O
maakt	O
mbt	NORM
geloof	O
,	O
maar	O
omdat	O
deze	O
ams	O
beetje	O
derm	O
is	O
heeft	O
ze	O
freepass	O
he	O
?	O
i	O
see	O
kanker	O
schapen	O
https://t.co/tPjF41lHvr	O

Enoh	O
zegt	O
:	O
Ah	O
komop	NORM
waz	NORM
oep	NORM
diej	NORM
ballllll	NORM

laminuta	NORM
magk	NORM
effe	NORM
iet	NORM
vrage	NORM
in	O
je	O
pv	O
??	O

Oh	O
adres	O
is	O
Prof.	NORM
Evertslaan	O
108	O

Knuffie	O
eugm	O
ik	O
ben	O
nrmaal	NORM
ni	NORM
aggressief	O

amai	NORM
poezewoeve	O
,	O
kzal	NORM
kik	O
wel	O
bij	O
mn	NORM
citroen	O
ds	O
3	O
blijve	NORM
:p	O

thx	NORM
:)	O
ik	O
heet	O
spijtig	O
gnoeg	O
ni	NORM
zo	O
:p	O
mr	NORM
mn	NORM
dochter	O
zal	O
eraan	O
hangen	O
:)	O

@Elizemte	O
Vriendin	O
jy	NORM
weet	O
dadelik	NORM
as	NORM
iemand	O
weet	O
wat	O
hy	NORM
doen	NORM
of	O
een	O
wonder	O
wat	O
hy	NORM
doen	NORM
.	O

B-rent	O
neh	NORM
seves	O
een	O
3e	O
poging	O
tot	O
slape	NORM
ja	O

mja	NORM
zn	NORM
battery	NORM
wil	O
niemeer	NORM
ipladen	NORM
e	O

@JinekLive	O
Geen	O
enkel	O
tegen	O
geluid	O
.	O
Al	O
zouden	O
er	O
maar	O
10	O
van	O
die	O
400	O
dragers	O
gedwongen	O
worden	O
door	O
hun	O
islam	O
hubbie	O
dan	O
is	O
dat	O
al	O
een	O
reden	O
voor	O
een	O
verbod	O
.	O
Maar	O
ik	O
vrees	O
dat	O
dit	O
er	O
veel	O
meer	O
zijn	O
.	O
Fijn	O
zo'n	O
Jinek	O
de	O
ultieme	O
feministe	O
en	O
nog	O
misselijke	O
word	O
ik	O
van	O
die	O
zgn	NORM
deugadvocaten	O

mja	NORM
maakt	O
niet	O
echt	O
uit	O
magk	NORM
nog	O
heeel	NORM
effe	NORM
prive	NORM
kank	NORM
het	O
zeggen	O
?	O

omg	NORM
mysterym	O
zej	NORM
nu	O
srieus	NORM
daj	NORM
op	O
cyberseks	O
zit	O
?	O
:o	O

Plus	O
,	O
frituurking	O
hiero	NORM
.	O

neeje	NORM
peke	O
25	O
ma	NORM
kwas	NORM
naar	O
Cheers	O
aan't	NORM
zien	O
:p	O

Hau	NORM
hil	NORM
fil	NORM
van	O
jau	NORM
!	O
X	O

Waardoor	O
vragen	O
is	O
het	O
antwoord	O
moelijk	O
maar	O
wel	O
heeeel	NORM
belangrijk	O
!!!	O
@lsz_nl	O
:	O
#zelfbeschadiging	O
:	O
hulpverlene	NORM
…	O
(	O
cont	O
)	O
http://deck.ly	O
/	O
~	O
vGUFw	O

geen	NORM
zin	O
om	O
vanavnd	NORM
enen	NORM
te	O
gaan	O
drinkn	NORM
?	O

REVOBOY	O
23	O
M	O
komde	NORM
eten	O
vnv	NORM
kga	NORM
mosselkes	NORM
gereed	O
doene	NORM
:p	O

Kga	NORM
net	O
op	O
mn	NORM
fiets	O
stappen	O
.	O
:)	O

@Janice_Tamara	O
Jongons	NORM
,	O
jongons	NORM
,	O
wat	O
was	O
dat	O
een	O
feestond	NORM
samonzijn	NORM
zeg	O
!	O

kben	NORM
vandaag	O
de	O
hele	O
dag	O
thuis	O
dus	O
jullie	O
mogn	NORM
gerust	O
om	O
jullie	O
bakken	O
komen	O

Huh	O
sinds	O
wanneer	O
?	O
Raarrr	NORM
...	O

@Bea0703	O
jeej	NORM
..	O
ff	NORM
knuf	NORM
doen	O
..	O
knuf	NORM
knuf	NORM
knuf	NORM
knuf	NORM
*	O
*	O
vind	O
beab	O
lief	O
*	O
#BEAB	O

stuur	NORM
et	NORM
in	O
een	O
smskn	NORM
kzit	NORM
in	O
vergadering	O

Waar	O
zitte	NORM
?	O
Zijn	O
kermis	O
aant	NORM
vieren	O
in	O
james	O
.	O

Kheb	NORM
zó'n	NORM
hekel	O
aan	O
die	O
Sloggireclames	O
RT	O
@schrijf_ster	O
@LVenselaar	O
Reclame	O
Sloggi	O
uit	O
straatbeeld	O
verbannen	O
http://telegraaf.nl/s/7231885	O

kzag	NORM
a	O
gistere	NORM
verschijne	NORM
en	O
ik	O
dacht	O
ik	O
gan	NORM
nog	O
effe	NORM
wachte	NORM
:p	O

ik	NORM
stuur	O
wek	O
wek	O
eeb	NORM
fir	O
)	O
tiitje	O
ak-ls	NORM
je	O
dat	O
bekagrijk	NORM
vidt	NORM

@geertwilderspvv	O
Ik	O
zou	O
het	O
ook	O
niet	O
durven	O
word	O
ik	O
in	O
zo	O
’n	NORM
cultuurtje	O
opgegroeid	O
en	O
als	O
ik	O
alleen	O
maar	O
dit	O
soort	O
negativiteit	O
vanuit	O
de	O
Nederlandse	O
politiek	O
krijg	O
,	O
en	O
laat	O
me	O
niet	O
beginnen	O
over	O
mensne	NORM
die	O
vrijwillig	O
besluiten	O
boerkas	NORM
en	O
niqaabs	O
te	O
dragen	O
zoals	O
de	O
jonge	O
dame	O
bij	O
Jinek	O

jis	NORM
ni	NORM
aan't	NORM
eten	O
ze	O
visitor	O
`	O
,	O
't	NORM
is	O
heet	O
bezeke	O
..	O

kzen	NORM
trg	NORM
kwas	NORM
weggevalle	NORM
:p	O
voor	O
de	O
mense	NORM
die	O
privé	O
ware	NORM
:p	O

gn	NORM
probleem	O
maandag	O
is	O
ook	O
oke	NORM

Facebook	O
zn	NORM
fout	O
xp	O

Oeh	O
,	O
3	O
varianten	O
hiet	NORM
.	O

daj	NORM
de	O
klokkn	NORM
oorn	NORM
luddn	NORM
tot	O
in	O
Keuln	NORM

@SabineHertogh	O
isso	NORM
.	O
Kán	NORM
ook	O
,	O
hij	O
staat	O
daar	O
óók	NORM
.	O
Maar	O
da's	NORM
wel	O
behelpen	O
indd	NORM
.	O
@domineeKim	O
effe	NORM
Angry	O
Birden	O
,	O
lijkt	O
me	O
?	O
Beetje	O
bijkomen	O
van	O
zo'n	O
intensieve	O
hexen-zit	O
?	O

we	NORM
zulln	NORM
ze	O
ajders	NORM
zondag	O
meepakkn	NORM

:p	O
jah	NORM
kmoest	NORM
me	O
trug	NORM
aanklede	NORM
se	O
Ran_Gor	O
:p	O

hmmm	O
...	O
binn	NORM
een	O
uurtje	NORM
?	O

neenn	NORM
,	O
hierr	NORM
zijnn	NORM
allen	NORM
gepervteerdee	NORM
gastn	NORM
nog	O
ovr	NORM

hahaha	O
idd	NORM
Goa_ke	O
khad	NORM
daar	O
zels	NORM
ng	NORM
niej	NORM
aan	O
gedacht	O
:p	O

@oudhollandsch	O
Toch	O
sal	NORM
het	O
nogh	NORM
baai	NORM
studeeren	NORM
ende	NORM
practische	NORM
oefeningh	NORM
vraeghen	NORM
soo	NORM
dat	O
uw	O
toepassinge	NORM
nogh	NORM
beeter	NORM
worde	NORM
.	O

proficiat	NORM
!	O
als	NORM
ge	NORM
zinebt	NORM
moete	NORM
maar	O
vanavnd	NORM
enen	NORM
komen	O
drinken	O
!	O

Mensen	O
hier	O
doen	O
echt	O
alleen	O
kkr	NORM
lief	O
enz	NORM
tegen	O
je	O
als	O
je	O
mooi	O
bent	O
en	O
veel	O
selfies	O
enz	NORM
plaatst	O
anders	O
kan	O
je	O
eigk	NORM
gwn	NORM
oprotte	NORM
?	O
Is	O
toch	O
ziek	O
?	O
Fuck	O
jullie	O
en	O
jullie	O
moeders	O
schatjes	O

idd	NORM
jaja	NORM
en	O
tgoed	NORM
uitleggen	O
enz	NORM
;p	O

wnt	NORM
ge	NORM
gedraagd	O
u	O
pcies	NORM
lik	O
nen	NORM
oversexte	O
puber	O

RT	O
@jeroenbenning	O
:	O
Pol.	O
cafe	NORM
:	O
@HanTenBroeke	O
pleit	O
voor	O
Europese	O
#gofa	O
internetvrijheid	O
.	O
Internetaccess	O
vr	NORM
iedereen	O
http://yfrog.com/h3cidyxj	O

kzal	NORM
een	O
doos	O
ys	NORM
mee	O
brengen	O
ist	NORM
goe	NORM
jessii	NORM
:	O
lol	O
:	O

Ze	O
houdt	O
zich	O
sterk	O
,	O
ma.	NORM
..	O
tjah	NORM
ge	NORM
voelt	O
wel	O
dat	O
het	O
niet	O
gaat	O

ach	NORM
kben	NORM
ngal	NORM
rustig	O
,	O
kzal	NORM
wel	O
rond	O
de	O
300	O
zitte	NORM
wrs	NORM

@afivi	O
hahaha	O
,	O
lekkáh	NORM
hoáh	NORM
,	O
sow	NORM
op	O
duh	NORM
froeguh	NORM
morreguh	NORM
!	O
#kapnah	O
#skihut	O
#fohléhf	O
#kregnahdebloedpoep	O

@vivpafpoef	O
héé	NORM
,	O
effe	NORM
rustig	O
;	O
góed	NORM
lezen	O
;	O
ik	O
was	O
't	NORM
BIJNA	NORM
vergeten	O
.	O
Ik	O
kwam	O
er	O
een	O
uur	O
geleden	O
achter	O
!	O
tsssk	NORM
....	O
;-D	O
:-)	O

kzal	NORM
de	O
volgende	O
keer	O
is	NORM
goe	NORM
men	NORM
oogskes	NORM
opetrekke	NORM
zow	NORM
:p	O

seg	NORM
dieje	NORM
jupiler	NORM
ze	O
zijn	O
daar	O
presies	NORM
alcool	NORM
vergeten	O
in	O
te	O
oen	NORM
:	O
wx	O

Ongelooflijk	O
Idd	NORM
.	O
Moet	O
Gvd	NORM
aanvallen	O
kut	O
!	O

we	NORM
denkn	NORM
van	O
nt	NORM

Omg	O
=p	O
@Chaos_Killer	O
jij	O
bn	NORM
egt	NORM
een	O
nep	O
hollander	NORM
=p	O

@HelaasPindakaas	O
@marcelsaarloos	O
@ddaanv	O
eehm	NORM
..	O
Eivlijk	NORM
betaal	O
je	O
dr	NORM
beswel	NORM
voor	O
=p	O

Geen	O
zin	O
om	O
straks	O
ergens	O
nr	NORM
rsca	NORM
te	O
gaan	O
zien	O
?	O

Jah	NORM
kben	NORM
op	O
weekend	O

oei	NORM
uwen	NORM
bday	NORM
sta	NORM
verkeerd	O
op	O
onze	O
kLender	NORM

Fastje	O
och	O
kheb	NORM
gwn	NORM
ni	NORM
tevel	NORM
gezegd	O

Puik	O
!	O
Morgenavond	O
een	O
klein	O
pubkwisje	NORM
?	O
Kusch	NORM
!	O

Juust	NORM
mijn	O
pc	NORM
afgezet	O
...	O
Ffe	NORM
geduld	O
dan	O
nog	O

kga	NORM
gan	NORM
drinkn	NORM
met	O
mn	NORM
zussen	O

@DeJakke	O
.	O
Thks	O
.	O
Opmerking	O
terecht	O
.	O
kgebruikte	NORM
minder-validen	O
omdat	O
organisatoren	O
zich	O
Somival	O
noemen	O
.	O
Sport	O
en	O
ontspanning	O
minder-validen	O
.	O

miyana	NORM
magk	NORM
is	O
effe	NORM
iet	NORM
vrage	NORM
in	O
je	O
pv	O
?	O
,	O

't	NORM
is	O
net	O
een	O
suikerspin	O
op	O
m'n	NORM
hoofd	O

Broebelt	NORM
onzen	NORM
chouffe	NORM
nog	O
vrolijk	O
verder	O
?	O

kwas	NORM
ff	NORM
aant	NORM
ranten	O
:$	O
sorry	O
eh	O

Jow	NORM
ik	O
ga	O
de	O
8ste	O
ni	NORM
kunnen	O
gaan	O
vrees	O
ik	O
.	O
Familieshizzle	O

in	NORM
wuk	NORM
kaffe	NORM
zittn	NORM
jullie	O
?	O

Kmoe	NORM
takraden	O
,	O
maar	O
erna	O
kan	O
ik	O
mss	NORM
wel	O
afkomen	NORM
:-)	O

zeg	NORM
kben	NORM
brb	O
é	O
ghost	O
!!	O
:p	O
mij	O
nie	NORM
missen	O
é	O

Laatmaar	NORM
ben	O
nu	O
bij	O
Virguine	O
dus	O
Kga	NORM
niemr	NORM
sturen	O

@koenpape	O
Hebbe	NORM
Hebbe	NORM
Hebbe	NORM
Hebbe	NORM
Hebbe	NORM
Hebbe	NORM
!	O
is	NORM
het	O
gaaf	O
?	O

Kdenk	NORM
het	O
wel	O
,	O
ma	NORM
Kben	NORM
doodmoe	O
dus	O
eerst	O
dutje	O
doen	O
en	O
kbcpresentatie	NORM
afwerken	O
.	O
:)	O
Xx	O

idd	NORM
miyanna	O
tzijn	NORM
nt	NORM
allemaal	O
zo	O
goeie	O
gelijk	O
ik	O
eh	O
:p	O

@juliebrouwer	O
iech	NORM
vin	NORM
dg	NORM
hendig	O
zielig	O
!	O
Meh	NORM
nao	NORM
vendaog	NORM
is	O
ut	NORM
gelukkig	O
weekend	O
!!	O

tjah	NORM
vleermuisje	NORM
;)	O
had	O
ge	NORM
mss	NORM
iets	O
anders	O
moete	NORM
lere	NORM
?	O

*	O
Ik	O
gmaak	NORM
noit	NORM
typvfo8uten	NORM
.	O
Alelen	NORM
dronekn	NORM
.	O
*	O
#sixwordstory	O

@admirael	O
Deze	O
paerel	NORM
aen	NORM
de	O
Belgische	O
Kroon	O
kende	O
ick	NORM
nogh	NORM
niet	O
.	O
Welgemeende	O
danck	NORM
dus	O
!	O
:-)	O

mja	NORM
:)	O
kzou	NORM
haar	O
eruitgooie	NORM
alst	NORM
kon	O
miyanna	O
:)	O

Kom	O
ke	NORM
op	O
Facebook	O

RT	O
@YvoBloemen	O
@NielsWinter	O
@jeroenkuppers	O
eigelijk	NORM
vind	O
ik	O
det	NORM
waal	NORM
un	NORM
ideaal	O
pand	O
veur	NORM
unne	NORM
kroeg	O
.	O
Kieke	NORM
Keure	NORM
Kutzat	O
...	O

@lukevanruth	O
hahahahhahahahahahha	O
lekkkeeeer	NORM
voooor	NORM
je	O
:p	O
bwn	NORM
er	O
nog	O
noooooit	NORM
uit	O
gestuurd	O
in	O
4	O
jaar	O
:)	O

malteser	NORM
?	O
koms	NORM
ff	NORM
prive	NORM
aub	NORM
?	O

seg	NORM
|MoNiCa|	O
kwacht	NORM
ng	NORM
altij	NORM
op	O
da	NORM
adres	O
vnt	NORM
frituur	O
héj	O
:p	O

opeens	NORM
ist	NORM
motherfucking	O
augustus	O
en	O
ik	O
wil	O
ni	O
overdramatiseren	NORM
ma	NORM
mijn	O
mood	O
ging	O
van	O
6	O
naar	O
-12	O
toen	O
ik	O
da	NORM
besefte	O

Voila	O
lotuske	NORM
is	O
trg	NORM
onder	O
nen	NORM
andere	O
naam	O
hehehe	O

zaterdag	NORM
is	O
goed	O
vo	NORM
mij	O
kxal	NORM
ke	NORM
vragen	O
aan	O
tobi	O

wtf	NORM
wor	NORM
buite	NORM
gesmete	NORM
kwa	NORM
taal	O
gebruik	O

Kga	NORM
gaan	NORM
eten	O
met	O
t	NORM
liefke	NORM
vanavond	O
,	O
kga	NORM
dus	O
moeten	O
passen	O
voort	NORM
ghuis	NORM
...	O

driezie	NORM
een	O
leutig	O
2011	O
voor	O
jpu	NORM
ook	O
...	O
goed	NORM
gedronkn	NORM
...	O
en	NORM
surieus	NORM
gefeest	O
...	O
in	NORM
gent	NORM
gesignaleerd	O
blokbeest	O
klaas	NORM

Tuurlijk	O
:-)	O
we	O
zijn	O
wel	O
volop	O
aan	O
het	O
eten	O
nu	O
,	O
dus	O
strax	NORM
dan	O
...	O

moestet	NORM
zo	O
ver	O
nt	NORM
zijn	O
kzou	NORM
kik	O
u	O
meepakken	O
knuffie	O
vr	NORM
terraske	NORM
:p	O

euhm	NORM
:)	O
kzie	NORM
ni	NORM
in	O
wrm	NORM
ik	O
iet	NORM
slecht	O
tov	NORM
Anneke	O
-	O
zou	O
doen	O
ofzo	O

@juliebrouwer	O
geniaaaal	NORM
!	O
Iech	NORM
bin	NORM
gruuts	NORM
oppe	NORM
mie	NORM
mestreechs	O
noe	NORM
;)	O

M'n	NORM
jongste	O
zusje	O
die	O
ik	O
44	O
jaar	O
geleden	O
voor	O
m'n	NORM
3e	O
verjaardag	O
kreeg	O
!	O
#zelfdedagjarig	O
Grootste	O
kleine	O
kado	NORM
ever	O
...	O
http://t.co/ygaJtyjR	O

jah	NORM
Julieke	O
kzag	NORM
u	O
daarnet	NORM
dus	O
kdoecht	NORM
van	O
kzal	NORM
ma	NORM
trugkome	NORM
:p	O

@conservatiefNL	O
Een	O
hortie	O
wachten	O
.	O
Ik	O
ben	O
effe	NORM
een	O
bietjie	NORM
aan't	NORM
snubbeken	NORM
.	O

Mybz	O
kwil	NORM
zegge	NORM
ni	NORM
te	O
veel	O
ginni	NORM
drinke	NORM
enzo	O
eh	O
;)	O

@Marrit_Anne	O
Vloeibeton	O
had	O
best	O
gekund	O
tho	O
,	O
mss	NORM
zelfs	O
makkelijker	O
dan	O
frees	O
.	O
In	O
de	O
meeste	O
gevallen	O
,	O
combinatie	O
van	O
de	O
twee	O
is	O
vaak	O
t	NORM
beste	O
.	O
Dan	O
kan	O
je	O
tot	O
de	O
helft	O
dingen	O
wegfrezen	O
en	O
de	O
rest	O
opvullen	O
.	O
Heb	O
dit	O
ook	O
vaak	O
gedaan	O

@kristy_dee	O
niice	NORM
=D	O
slaap	O
lkkr	NORM
mvrouw	NORM
!	O

@VloonH	O
@Mirellabuurman	O
@CorinadeFeijter	O
@parool	O
huisarts	NORM
zegt	O
:	O
teveel	O
gevr	NORM
v	NORM
verpleging	O
om	O
arbeidsint	O
bijvoeding	O
te	O
geven	O
.	O
Er	O
zijn	O
vrijwilligers	O
die	O
dit	O
best	O
willen	O
doen	O
.	O
Vph	NORM
zou	O
hen	O
kunnen	O
trainen	O
zodat	O
ze	O
verantwoord	O
kunnen	O
helpen	O
'm	NORM
eten	O
.	O
soms	NORM
wil	O
vph	NORM
dat	O
niet	O
.	O

Zeguh	NORM
StemVee	O
ff	NORM
stemmuh	NORM
op	O
der	NORM
Kale	NORM
jaah	NORM
.	O
Ten	O
Hag	O
scoort	O
nominatie	O
voor	O
Fifa	O
coach	O
van	O
het	O
jaar	O
!	O

Senece	O
dan	O
ist	NORM
elken	NORM
avond	O
macdonalds	NORM
é	O

ze	NORM
hebbe	NORM
mij	O
zo	O
ver	O
gekrege	NORM
dak	NORM
morge	NORM
moe	NORM
gn	NORM
weirke	NORM
lol	O

Ik	O
ruim	O
40	O
volgens	O
mij	O
...	O
Maar	O
ik	O
heb	O
geen	O
apps	NORM
uit	O
exras-devel	O
,	O
daar	O
gaat	O
het	O
meestal	O
mis	O
.	O

Kweet	NORM
het	O
,	O
kheb	NORM
die	O
allemaal	O
dankzij	O
mn	NORM
praesidium	O
.	O
:D	O

jwl	NORM
jeppeke	O
:p	O
mr	NORM
kwou	NORM
da	NORM
ng	NORM
effe	NORM
bevestigen	O
:)	O

goeienavond	NORM
soms	O
geen	O
vke	O
aanwezigv	NORM
van	O
wvl	O
kom	O
gerust	O
prive	NORM

jah	NORM
srr	NORM
kwas	NORM
eff	NORM
bezig	O
me	NORM
muziek	O
ant	NORM
zoeken	O

Oeveel	NORM
et	NORM
gy	NORM
betaald	O
?	O

Njah	NORM
,	O
kheb	NORM
de	O
voormiddag	O
nog	O
.	O
:)	O

“	O
@Tourrobert	O
:	O
Woestijnvis	O
zkt	NORM
figuranten	O
-	O
Gva.be	O
http://t.co/th7TJQ1	O
via	O
@AddThis	O
”	O
ipv	NORM
bzv	O

Me	O
:	O
Dude	O
,	O
goed	O
kijken	O
.	O
Diz	NORM
site	O
klopt	O
:-)	O

Oeioei	NORM
.	O
Kga	NORM
mini	O
wapens	O
voor	O
hem	O
maken	O
.	O
:D	O

@neemjemoedur	O
@saartastic	O
Dat	O
ga	O
ik	O
zeker	O
toch	O
niet	O
aan	O
jou	O
geven	O
,	O
ouwe	O
aardbeienfetisjist	O
.	O
😘	O
En	O
die	O
Keeetie	O
woont	O
inpandig	O
bij	O
Robert	O
Schoemacher	O
,	O
afd	O
.	O
botox	O
++.	O
Suc6	NORM
ermee	O
!	O

dreft	NORM
een	O
beetje	O
beleefd	O
blijve	NORM
eh	O
ze	O
vrage	NORM
mor	NORM
gwn	NORM
iets	O

ozeker	NORM
dendeeze	O
is	O
presies	NORM
wa	NORM
gefrussteerd	NORM
ocharme	NORM
toch	O

Khad	NORM
vandaag	O
geen	O
he	O
.	O
Da	NORM
hadden	NORM
dinsdag	O
al.	O
:)	O

@xQPC	O
morge	NORM
volleyballen	O
en	O
zaterdag	O
uhm	O
volleyballe	NORM
sochtends	NORM
en	O
smiddag	NORM
ffies	NORM
wat	O
aan	O
me	O
boekverslag	O
doen	O
...	O

kzou	NORM
eigelek	NORM
moete	NORM
slapen	O
denkek	NORM
;D	O

Ebt	NORM
gy	NORM
honger	O
mss	NORM
,	O
ik	O
eet	O
nu	O
bij	O
mn	NORM
oma	O

kben	NORM
heel	O
de	O
avnd	NORM
thuis	O

kxal	NORM
kik	O
rijden	O
tot	O
morgn	NORM
kijk	O
jij	O
voor	O
ontbijtachtig	O
iets	O
?	O
kxal	NORM
er	O
zijn	O
rond	O

twas	NORM
goe	NORM
zu	NORM
dn	NORM
fuze	O
gisteren	O
:D	O

@Raaphorst	O
Ieks	NORM
!	O
Sociaaldier	O
is	O
zoooo	NORM
een	O
Gruwelvol	O
Germanisme	O
.	O
*	O
grijpt	O
naar	O
anti-braakmiddelen	O
*	O
:-)	O

mja	NORM
kzou	NORM
es	NORM
trg	NORM
wa	NORM
rondjes	O
moete	NORM
lope	NORM
fzo	NORM

@MikevLoe	O
@MrsMaxion	O
Juust	NORM
m.	O
...	O
Ik	O
hoor	O
t	NORM
vrijdag	O
thuus	NORM
wel	O
;	O
dit	O
klinkt	O
allemaal	O
een	O
beetje	O
wazigvaag	NORM
=P	O

Mmmmm	O
Deejayke	O
aj	NORM
goe	NORM
kunt	O
zuign	NORM
eke	NORM
doa	NORM
geen	O
problemen	O
mee	O

wnt	NORM
kem	NORM
ng	NORM
goeiendag	NORM
gn	NORM
zeggen	O
aan	O
de	O
collega's	O
vn	NORM
DMG	O
:p	O

Nog	O
ff	NORM
aant	NORM
napraten	O
;)	O
thuis	O
in	O
30	O
min	NORM
.	O

@ccdominee	O
En	O
terwijl	O
hijhij	NORM
dahaar	NORM
zoho	NORM
stond	O
/	O
keek	O
hij	O
zoekehend	NORM
ihin	NORM
hehet	NORM
rond	O
:	O
...	O

Zustah	NORM
,	O
vanavond	O
ff	NORM
Skypen	O
?	O
X	O

Een	O
blik	O
wetsverdraaiers	O
aan	O
tafel	O
dus	O
hoe	O
kun	O
je	O
verwachten	O
dat	O
díe	NORM
zullen	O
pleiten	O
voor	O
handhaving	O
van	O
de	O
burkawet	O
.	O
Een	O
simpel	O
zieltje	O
dat	O
pas	O
2	O
jaar	O
'n	NORM
burka	O
draagt	O
om	O
vreemde	O
zweverige	O
redenen	O
en	O
dametje	NORM
#jinek	O
die	O
ieder	O
stuk	O
voor	O
stuk	O
naar	O
het	O
mondje	O
praat	O
.	O
Pure	O
top	O
DREK	NORM
!	O

jah	NORM
peke	O
25	O
:(	O
kheb	NORM
gistere	NORM
keer	O
8	O
keer	O
moeten	O
gaan	O
overgeven	O
:(	O
vndg	NORM
al	O
2	O
keer	O
:(	O

@MillerMackie300	O
2	O
slaapzalen	O
,	O
1	O
fitnesszal	NORM
,	O
1	O
kinruimte	NORM
,	O
zwembad	O
,	O
jacuzii	NORM
,	O
sauna	O
,	O
hammam	O
,	O
ontspanningszaal	O
.	O
Anderlecht=Big	NORM
club	O
!	O
:D	O

heb	NORM
er	O
overlaast	O
babyartiklen	O
laten	O
bestllen	NORM
voor	O
het	O
metekindje	O
van	O
mijn	O
vrouwke	NORM

@Bea0703	O
waat	NORM
is	O
daaaaat	NORM
beab	O
..	O
auww	NORM
netvlies	O
doeyt	NORM
zeeer	NORM

dan	NORM
ist	NORM
goe	NORM
sjoe	O
k	NORM
apericheer	NORM
datte	NORM

jah	NORM
dan	O
blijfde	NORM
dermee	NORM
zitte	NORM
eh	O
Kurt	O
:p	O

Nu	O
al	O
zin	O
in	O
die	O
Budweiserreclames	O
waar	O
een	O
knotje	O
en	O
een	O
donkere	O
vrouwlijke	O
krullenbol	O
op	O
een	O
megaknotjesfeest	O
een	O
Budweiser	O
drinken	NORM
en	O
dan	O
gaan	O
lachen	O
.	O
Living	O
the	O
good	O
life	O
man	O
.	O
#budweiser	O

Oldskool	O
schoolborden	O
voor	O
nieuwe	O
HQ	O
ophalen	O
bij	O
paps	NORM
z'n	NORM
werk	O
.	O

degeen	NORM
die	O
wille	NORM
moge	NORM
altij	NORM
pv	O
kome	NORM
eh	O
:p	O

ok	NORM
..	O
gn	NORM
probleem	O
kxal	NORM
oek	NORM
ne	NORM
keer	O
zoekn	NORM
naar	O
telnr	NORM
.	O

anders	NORM
gaan	O
we	O
gewoon	O
ene	NORM
gaan	O
drinkn	NORM
vanavnd	NORM
?	O

eeh	NORM
seg	NORM
:D	O
beetje	O
braaf	O
eh	O
pontifex	O
!	O
kga	NORM
ffkes	NORM
eten	O
,	O
sgaties	NORM

Nou	O
,	O
sygic	O
werkt	O
iig	NORM
,	O
nog	O
niet	O
mee	O
gereden	O
alleen	O
.	O

@J_BeatzZz	O
Nee	O
,	O
geen	O
poklemon	NORM
.	O
Flippo's	O
zijn	O
idd	NORM
hardd	NORM
haha	O

Dam	O
kzeg	NORM
toch	O
ni	NORM
dajje	NORM
moet	O
kijken	O
é	O
;)	O
tssss	NORM

"	O
dreamboy	NORM
"	O
klinkt	O
gwn	NORM
ni	NORM
te	O
vertrouwe	NORM
zoiet	NORM
:)	O

moet	NORM
ge	NORM
ni	NORM
aant	NORM
studere	NORM
zijn	O
fzo	NORM
?..	O
;o	O

Ewel	NORM
da	NORM
filmke	NORM
nog	O
afw	NORM
da	NORM
'	O
gevecht	O
'	O

Vnvnd	NORM
zalt	NORM
wel	O
lukken	O
;)	O
doede	NORM
gij	NORM
ook	O
uw	O
strandsletsen	O
aan	O
vnvnd	NORM
?	O

Babycarrier	O
gevonde	NORM
?	O
Veel	O
plezier	O
in	O
de	O
provence	NORM
!	O

RT	O
@yuki_binladen	O
:	O
1	O
vd	NORM
kutste	O
interviews	O
die	O
ik	O
afgelopen	O
tijd	O
gelezen	O
heb	O
.	O
Vlogger	O
Vonneke	O
Bonneke	O
heeft	O
het	O
bewust	O
nooit	O
over	O
haar	O
afkomst	O
:	O
‘	O
Dan	O
krijg	O
je	O
alleen	O
maar	O
negativit	NORM

@LebaraNL	O
Goedemorgen	O
!	O
Mijn	O
NL	NORM
simkaart	O
is	O
gebroken	O
.	O
Ik	O
heb	O
het	O
in	O
Nederland	O
gekoopt	NORM
,	O
en	O
ik	O
kan	O
een	O
nieuwe	O
NL	NORM
kaart	O
niet	O
van	O
je	O
website	O
bestellen	O
.	O
Hoe	O
kan	O
ik	O
een	O
nieuwe	O
simkaart	O
gekrijgen	NORM
aub	NORM
?	O
Ik	O
woon	O
niet	O
in	O
Nederland	O
,	O
maar	O
alle	NORM
mijn	O
vrienden	O
in	O
NL	NORM
heb	NORM
mijn	O
nummer	O
.	O
Bedankt	O
!	O

@WdeGelder	O
@Pieter_Kos	O
Kennen	O
jullie	O
onderzoek	O
CPB	O
van	O
vorig	O
jaar	O
?	O
30%	O
NLers	NORM
voor	O
nwe	NORM
kerncentrales	O
.	O
Eurostat	O
onderzoek	O
zelfde	O
uitkomst	O
.	O

Paul	O
wilt	O
een	O
hapje	O
mee-eten	O
,	O
piza	NORM
halen	O
?	O
X	O
,	O
D.	O

mja	NORM
LaZz	O
tzijn	NORM
moeilijke	O
lessen	O
,	O
kmoe	NORM
me	O
dorop	NORM
concentreren	O
:(	O
:p	O

@yanny0808	O
oooh	NORM
dn	NORM
ist	NORM
wel	O
te	O
vrw8e:p	NORM

#MijnRestaurant	O
#Fenix	O
#Aarschot	O
dessert	O
:	O
chocolademousse	O
:	O
lidl	NORM
?	O
Aldi	O
?	O
Delhaize	O
?	O
Carrefour	O
?	O
Graptjeuuuh	NORM
.	O
Wel	O
lekker	O
.	O
http://t.co/UUregcvw	O

Neen	NORM
,	O
ma	NORM
kben	NORM
aant	NORM
hopen	O
da	NORM
gij	NORM
da	NORM
wel	O
doet	O
.	O
:p	O

Hmmm	O
,	O
vandeweek	NORM
beetje	O
druk	O
...	O
kast	NORM
zal	O
vr	NORM
volgende	O
week	O
zijn	O

brugfe	NORM
zitte	NORM
gij	NORM
op	O
de	O
yrein	NORM
?	O

Nu	O
trein	O
naar	O
DenHaag	NORM
.	O
Lekker	O
dagje	O
weg	O
,	O
zin	O
in	O
.	O
Bij	O
gemeente	O
zijn	O
ze	O
aan	O
het	O
verhuizen	O
vanwge	NORM
reorganisatie	O
.	O
Gelukkig	O
blf	NORM
ik	O
op	O
dzelde	NORM
kamer	O
!	O

wij	NORM
zitn	NORM
mss	NORM
pv	O
zoendre	NORM
damme	O
tweten	NORM

geen	NORM
probl	NORM
.	O
kvond	NORM
het	O
ook	O
verschrikkelijk	O
leutig	O
...	O
blijkbaar	NORM
zou	O
het	O
na	O
een	O
weekje	O
moetn	NORM
dichtgegroeid	O
moeten	O
zijn	O

Komde	NORM
morgen	O
?	O
Voor	O
da	NORM
horror	O
filmke	NORM

't	NORM
Woar	NORM
unne	NORM
zeer	O
gesjlaagde	NORM
aovend	NORM
!	O
&lt;3	O

nja	NORM
tzulle	NORM
wel	O
gwn	NORM
ergens	O
settings	O
in	O
ff	NORM
zelf	O
zijn	O

gasten	NORM
,	O
slukes	O
alelmaal	NORM
en	O
tot	O
vlgende	NORM
keer	O
-	O
)	O
)	O
)	O
)	O
polllllll	NORM
;	O
xxxxxxxxxx	O

ben	NORM
ilk	NORM
nt	NORM
vergeten	O

Locdog	O
bedankt	O
sgat	NORM
hartelijk	O
.	O
'	O
Tenk	O
joe	O
verie	O
mutsj	O
'	O

Wss	NORM
ni	NORM
nee	O
.	O
Oke	NORM
,	O
sgoed	NORM
.	O
Ete	NORM
jeuj	O

bwa	NORM
tval	NORM
eigenlijk	O
nog	O
mee	O
zenne	O
...	O
ksnap	NORM
het	O
ni	NORM
goe	NORM
:o	O
normaal	O
verbrand	O
ik	O
kei	O
snel	O
enzo	O

RT	O
@lailitos1	O
:	O
Eh	O
kweni	NORM
welke	O
white	O
parents	O
jullie	O
hebben	O
,	O
maar	O
mijn	O
white	O
momma	NORM
zou	O
mij	O
binnestebuiten	O
draaien	O
en	O
rammel	O
geven	O
🤔	O
https://t	O
…	O

@Rialist	O
Da	NORM
’s	NORM
heul	NORM
veul	NORM
messen	NORM
dan	O
die	O
nie	NORM
kenne	NORM
penne	NORM
of	O
ze	O
goe	NORM
in	O
bed	O
sijn	NORM
zou	O
ik	O
nie	NORM
wete	NORM

FreeStyle	O
was	O
eigenlijk	O
ni	NORM
zo	O
aant	NORM
volge	NORM
hiere	NORM
dermee	NORM
:p	O

amaai	NORM
nog	O
geen	O
pluske	NORM
:p	O
kzen	NORM
ni	NORM
goe	NORM
bezig	O
denk	O
ik	O
:p	O

kem	NORM
ng	NORM
2	O
identiteitsgenoten	O
vn	NORM
u	O
buitengesmeten	O
zondag	O
op	O
tomorrowland	O
GekkeMarokkaan	NORM
:p	O

Ga	O
idd	NORM
zometeen	O
koken	O

Kben	NORM
flink	O
mn	NORM
best	O
aant	NORM
doen	O
hoor	O
!	O
;)	O

@Spartan23R	O
ze	NORM
zegge	NORM
dat	O
jj	NORM
meer	O
voor	O
de	O
naam	O
btaald	NORM
=p	O
iig	NORM
zover	O
ik	O
hoorde	O
=p	O

seg	NORM
Furyke	O
nuu	NORM
weet	O
ik	O
het	O
nog	O
ni	NORM
eh	O

Fifa	O
aant	NORM
spelen	O
.	O
Jeuj	O

"	O
'	O
Hahahaha	O
!	O
Awesome	O
!	O
Inderaad	NORM
de	O
24ste;	O
)	O
X	O
'	O
"	O

Waar	O
spreken	O
we	O
af	O
vr	NORM
vetex	O
?	O

kwil	NORM
gwn	NORM
een	O
meisje	O
zien	O
op	O
cam	NORM
ofzo	O
;d	O

morgenavnd	NORM
pintje	NORM
drinkn	NORM
?	O

zin	NORM
om	O
fridayavond	NORM
enen	NORM
te	O
gaan	O
drinkn	NORM
?	O

ooo	NORM
vrouwen	O
zijn	O
preties	O
homo's	O
hier	O
pff	O
niks	O
ciao	O

Ist	NORM
al	O
goed	O
aant	NORM
gisten	O
?	O

Oja	NORM
,	O
die	O
sev.	NORM
voor	O
econ	NORM
was	O
tóch	NORM
severeijnen	O
!	O

Super	O
,	O
hier	O
was	O
ik	O
met	O
8	O
weken	O
precies	O
optijd	O
met	O
corrigeren	O
bij	O
een	O
paardedrol	O
,	O
volgende	O
drol	O
liep	O
hij	O
al	O
omheen	O
en	O
sindsdie	NORM
nooit	O
meer	O
gesnaait	O
…...	O
gelukstreffer	NORM
.	O
Nekvel	O
en	O
diepe	O
stem	O
terwijl	O
zijn	O
bekkie	NORM
al	O
open	O
boven	O
de	O
drol	O
hing	O
,😉	O
klinkt	O
erger	O
dan	O
het	O
was	O
,	O
maar	O
100%	O
effectief	O

@tasvolverhalen	O
Jâh	NORM
lekkah	NORM
!	O
Doeh	NORM
mijn	O
mohr	NORM
un	NORM
plakkie	NORM
.	O

@DDaanV	O
nogaal	NORM
nie	NORM
=	O
\	O
ooh	NORM
en	O
..	O
oooh	NORM
machetteeeh	NORM
!!	O
=p	O

weetge	NORM
wa	NORM
ik	O
wil	O
eh	O
?	O
ik	NORM
wil	O
een	O
FUCKING	NORM
lief	O
waarmee	O
ik	O
elke	O
avond	O
sunsets	O
kan	O
gaan	O
zien	O
!!!	O
isda	NORM
nu	NORM
zoveel	O
teveel	O
gevraagd	O

Idd	NORM
,	O
thanks	O
!	O
Persoon	O
1	O
Filmpke_ofzo?	O
Filmpke	NORM
ofzo	O
?	O

Shittt	NORM
ik	O
mis	O
morge	NORM
icarly	O
fanwar	O
moete	NORM
tennisen	NORM
om	O
11	O
uur	O
:(	O

jessii	NORM
mag	O
ik	O
effe	NORM
prive	NORM
komen	O
bioj	NORM
jou	O
aub	NORM

Ik	O
bedoelde	O
tijdrijden	O
:)	O
was	O
stoofvlees	O
aant	NORM
maken	O
,	O
dermee	NORM
moest	O
ik	O
aan	O
moore	NORM
denken	O
...	O

tisal	NORM
beter	O
nuu	NORM
ze	O
;d	O
maa	NORM
nogni	NORM
volledig	O
gedaan	O
;d	O

Woutie	O
gaat	O
het	O
voor	O
een	O
keer	O
niet	O
zijn	O
.	O
Please	O
nog	O
ff	NORM
?	O

@Herbert_d_Groot	O
@RaymondKnops	O
@andrebosman	O
Max-max	O
e.a.	NORM
regelingen	O
kunnen	O
soberder	O
.	O
Is	O
slechts	O
1	O
vd	NORM
dekkingsbronnen	O
.	O
Zie	O
bijdrage	O
Hernandez	O

neej	NORM
BruScO	O
'	O
tje	O
,	O
'k	NORM
ben	O
al	O
effe	NORM
wakker	O
:)	O

@glittersxgore	O
letterlijk	NORM
alles	O
gaat	O
ontsteken	O
bij	O
mij	O
alleen	O
mn	NORM
helix	O
is	O
zo	O
goed	O
gehealed	O
hoop	O
echt	O
op	O
een	O
ZEGEN	NORM
bij	O
deze	O
want	O
mis	O
mn	NORM
tragus	O
ook	O
echt	O
.	O
zelfde	NORM
met	O
mn	NORM
navel	O
trouwens	O
!!!	O
maar	NORM
die	O
mis	O
ik	O
nie	NORM
x	O

khad	NORM
den	NORM
bus	O
moete	NORM
pakke	NORM
eh	O
fucckk	NORM
:o	O

Ik	O
denk	O
het	O
wel	O
.	O
Wy	NORM
zijn	O
nog	O
volop	O
aan	O
het	O
spele	NORM
dus	O
neem	O
je	O
tijd	O
;-)	O

@__imaneee	O
@thatswhatiamnot	O
Hahahahahahaa	O
wollah	O
kapot	O
gelachen	O
.	O
Mesh	O
eh	O
effe	NORM
on	O
the	O
side	O
ge	NORM
hebt	O
echt	O
geen	O
grote	O
neus	O
man	O

Geschatte	O
kosten	O
$20	O
milj	NORM
.	O
Hoeveel	O
ton	O
CO	O
2	O
kost	O
@Google	O
Summer	O
Camp	O
met	O
al	O
die	O
experts	O
in	O
klimaatverandering	O
,	O
zoals	O
@Harry_Styles	O
?	O
Schamen	O
deze	O
celebs	NORM
zich	O
niet	O
,	O
met	O
hun	O
already	O
huge	O
carbon	O
footprint	O
?!	O
#climatebreakdown	O
against	O
a	O
@katyperry	O
soundtrack	O
.	O
At	O
least	O
we'll	O
die	O
happy	O
.	O

Verstandig	O
besluit	O
van	O
minister	O
@SigridKaag	O
om	O
de	O
hulp	O
aan	O
UNWRA	O
op	O
te	O
schorten	O
nav	NORM
een	O
VN-rapport	O
over	O
corruptie	O
en	O
wangedrag	O
.	O
Laat	O
UNWRA	O
stevig	O
worden	O
doorgelicht	O
,	O
ook	O
op	O
inhoud	O
vd	NORM
schoolboeken	O
!	O
Volg	O
voorstel-Kushner	O
voor	O
economisch	O
herstelplan	O
.	O
https://t.co/LrwCzlrbyx	O

@BasBenIk	O
"	O
ey	NORM
ey	NORM
ey	NORM
,	O
wil	O
je	O
ook	O
een	O
hit	O
van	O
m'n	NORM
kakgas	O
?	O
leeeeeeker	NORM
maaaaan	NORM
"	O

@admirael	O
Overhaest	NORM
handelen	O
brenght	NORM
selden	NORM
beklyvend	NORM
resultaet	NORM
.	O
Gheduld	NORM
is	O
inderdaed	NORM
de	O
beste	O
strateegye	NORM

Ik	O
zit	O
alsan	NORM
100	O
jaar	O
opde	NORM
wc	O
ma	NORM
eiglk	NORM
isda	NORM
gwn	NORM
5	O
min	NORM
nade	NORM
wc	O
gaan	O
en	O
3	O
jaar	O
oppu	NORM
gsm	NORM
zitten	O
omdat	O
da	NORM
de	O
enige	O
plaats	O
is	O
waardat	NORM
rustig	O
is	O

@DDaanV	O
jammert	NORM
!	O
Nja	NORM
dn	NORM
mr	NORM
wt	NORM
andrs	NORM
zoeke	NORM
!	O
=p	O

anders	NORM
ist	NORM
hiere	NORM
altied	NORM
vlaoms	NORM
brabants	NORM
loll	NORM

“	O
@Dennis_Verweij	O
:	O
Zo	O
wordt	O
je	O
iig	NORM
geen	O
wereldkampioen	O
.	O
”	O
Komt	O
mooi	O
uitvoor	NORM
m'n	NORM
poultje	O
....	O
;)	O

@GaveGuido	O
Segguh	NORM
colleguh	NORM
...	O
Hedduh	NORM
geijuh	NORM
unnuh	NORM
goeiuh	NORM
buiuh	NORM
ofzohuh	NORM
?	O
;-)	O

omda	NORM
ik	O
ni	NORM
onder	O
u	O
duive	NORM
wil	O
schiete	NORM
glendinges	O

gn	NORM
zin	O
om	O
vavnd	NORM
eentje	O
te	O
gan	NORM
drinkn	NORM
int	NORM
stad	O
?	O

azo	NORM
oke	NORM
tijd	O
:o	O
kwou	NORM
ook	O
prive	NORM
kome	NORM
ma	NORM
plakt	O
daar	O
zo	O

kynde	NORM
ke	NORM
belln	NORM

Wa	NORM
zije	NORM
aant	NORM
doen	O
nu	O
?	O

@Mirtt	O
Jijh	NORM
Ookh	NORM
Ohp	NORM
Wieh	NORM
Ihs	NORM
Dhe	NORM
Mhol	NORM
Stemmehn	NORM
!	O

Jeps	NORM
,	O
kga	NORM
nu	O
naar	O
de	O
mo	O
denkek	NORM
.	O
:)	O

Zwart	O
,	O
voor	O
onder	O
een	O
kostuum	O
,	O
clownsmaat	O
aub	NORM

peke	NORM
:p	O
kzal	NORM
hier	O
dn	NORM
hoogste	O
boom	O
wel	O
pakkn	NORM
dn	NORM
:p	O

we	NORM
zittn	NORM
bovn	NORM

kheb	NORM
met	O
mn	NORM
best	NORM
friend	NORM
samen	O
een	O
friendship	O
tatt	NORM
,	O
en	O
een	O
random	O
youngboy	O
op	O
vakantie	O
herkende	O
me	O
en	O
zei	O
dat	O
hij	O
was	O
geïnspireerd	O
door	O
ons	O

Dus	O
waarom	O
#liveprofile	O
nemen	O
i.p.v.	NORM
#Whatsapp	O
?	O
Ik	O
hou	O
het	O
wel	O
bij	O
m'n	NORM
vertrouwde	O
BBM	O
en	O
What's	O
App	O
.	O

than	NORM
tana	O
tan	O
pe	O
.....	O
je	NORM
favo	NORM
liedje	O
..	O
maar	NORM
zodra	O
je	O
moet	O
betalen	O
ben	O
je	O
spoorloos	O
?	O
Biggi	NORM
man	O
...	O
maar	NORM
vergeet	O
dat	O
mensen	O
nog	O
moet	NORM
betaluh	NORM

Fack	O
heb	O
vandaag	O
duits	O
pta	O
da	NORM
waar	O
vandat	O
lezen	O
ofzo	O
hhaha	O
nouja	O
komt	O
wel	O
goed	O
?	O
:p	O

oeie	NORM
Dobby	O
da's	NORM
idd	NORM
ni	NORM
leuk	O

grrr	NORM
soms	O
zoude	NORM
ne	NORM
gsm	O
toch	O
ook	O
tege	NORM
de	O
muu	NORM
kunne	NORM
smijte	NORM
e	O

seg	NORM
kochanake	O
gade	NORM
nog	O
veel	O
squashe	NORM
enzo	O
?	O
tis	NORM
ma	NORM
om	O
iet	NORM
ander	NORM
te	O
vertelle	NORM
hehe	O

NorthStaR	O
mag	O
ik	O
ffkes	NORM
prive	NORM
komen	O
,	O
kweet	NORM
die	O
deur	O
is	O
altijd	O
opslot	NORM
mor	NORM
toch	O
aub	NORM
:p	O

Gvd	NORM
.	O
Gsm	NORM
past	O
men	NORM
woorden	O
aan	O
.	O
Tot	O
sebiet	NORM
;)	O

Ga	O
proberen	O
.	O
Tot	O
sebiet	NORM
wsschnlijk	NORM
.	O

geef	NORM
mekaar	NORM
allemaal	O
eens	O
nen	NORM
kus	O
aub	NORM
,	O
knuffie	O
nen	NORM
knuf	NORM
en	O
labrador	O
een	O
likske	NORM

1.	O
Witlofroomsoep	O
met	O
spekkies	NORM
2.	O
groentevlag	O
vark.fi	NORM
letlapje	NORM
aard.	NORM
uit	O
frituur	O
3.	O
kaasplankje	O
4.	O
lange	O
vingers	O
perzikken	O
cointreau	O
"	O
vanillevla	O
"	O

RT	O
@Johannemarise	O
:	O
In	O
mijn	O
ogen	O
ernstige	O
dwaling	O
v	NORM
Gedeputeerde	O
.	O
Dáár	NORM
zit	O
dus	O
t	NORM
probleem	O
.	O
GS	O
ziet	O
niet	O
toe	O
op	O
uitvoering	O
beheer	O
vd	NORM
grote	O
grazers	O
door	O
SBB	O
en	O
denkt	O
dat	O
ze	O
t	NORM
goed	O
doen	O
.	O
Nee	O
dus	O
.	O
GS	O
is	O
juist	O
wél	NORM
politiek	O
verantwoordelijk	O
.	O
Nieuw	O
debat	O
over	O
rol	O
GS	O
!	O
@rijsberman	O
@PS_Flevoland	O
@Ransijn	O
https://t.co/KYQ9AwSJcO	O

Euhm	O
,	O
ja	O
,	O
ma	NORM
Kzit	NORM
zelf	O
ook	O
bi	NORM
goed	O
bezig	O
voor	O
Gezondheidseconomie	O
.	O
:s	O

amai	NORM
....	O
kxal	NORM
dan	O
komn	NORM
persn	NORM
!	O

Slecht	O
,	O
kga	NORM
der	NORM
ni	NORM
door	O
zijn	O
.	O
:(	O

baby	NORM
...	O
wilde	NORM
gij	NORM
arachideolie	O
meebrengn	O
vo	NORM
mayonaise	O
te	O
makn	NORM
?	O

Fietsen	O
in	O
Zuid-Limburgse	O
heuvelland	O
byna	NORM
onmogelyk	NORM
.	O
Op	O
Loorberg	O
&	O
Piemert	O
zorgt	O
smeltend	O
asfalt	O
voor	O
problemen	O
.	O
Geen	O
aanrader	O
voor	O
trainingskmp	NORM

pfffff	NORM
lolsmurf	O
een	O
deken	O
hebk	NORM
ni	NORM
noddig	NORM
nu	O
zene	O

wanneer	NORM
gaat	O
het	O
weekwnd	NORM
voor	O
de	O
verbonders	O
precies	O
door	O

@PietStokmanVHV	O
@RikElfrink	O
@Henryvbox	O
Hecht	O
persoonlijk	O
niet	O
veel	O
waarde	O
aan	O
dat	O
bekerverlies	O
.	O
Was	O
het	O
eens	O
om	O
met	O
de	O
2e	O
garnituur	O
te	O
spelen	O
.	O
Deze	O
wedstrijd	O
had	O
je	O
9	O
vd	NORM
10	O
keer	O
ook	O
gewonnen	O
.	O
RKC	O
had	O
ontzettend	O
veel	O
geluk	O
.	O
2e	O
seizoenshelft	O
was	O
matig	O
ja	O
,	O
klopt	O
.	O
Daarom	O
NA	NORM
dit	O
seizoen	O
oordelen	O
ipv	NORM
nu	O
al	O
te	O
schofferen	O
.	O

@mirandaVanDijk	O
nog	NORM
'n	NORM
keer	O
:	O
sheets	O
dus	O
gewoon	O
boven	O
m'n	NORM
hoofd	O
gehouden	O
.	O
Zou	O
v.	NORM
Rossum	O
daar	O
blij	O
mee	O
zijjn	NORM
?	O
Was	O
dijk	O
van	O
'n	NORM
presentatie	O
!	O

mja	NORM
Dobby	O
:)	O
bedrijve	NORM
doen	O
da	NORM
toch	O
al	O
ni	NORM
snel	O
dusja	NORM

@FernandoP3dro	O
@JelenaDrakulic	O
Hahahahah	O
bro	NORM
is	O
het	O
permanent	O
geworde	NORM
?	O
Kzie	NORM
je	O
een	O
bandana	O
dragen	O

kzal	NORM
u	O
zo'n	O
zuigdinges	O
uit	O
de	O
pabo	O
kado	NORM
doen	O
goe	NORM
?	O
:p	O

amai	NORM
,	O
kzou	NORM
klacht	O
indiene	NORM
,	O
komde	NORM
mss	NORM
nog	O
in't	NORM
nieuws	O

Neent	NORM
jong	O
,	O
kben	NORM
naar	O
mijn	O
bedje	O
trouwens	O
,	O
Slaapwel	O
hé	O
Xx	O

RT	O
@warren_elliott	O
:	O
@Lousjekoesje	O
Dankie	NORM
-	O
Groete	NORM
ook	O
vir	NORM
julle	O
in	O
Nederland	O
!	O

Lekkerrrrrrrrrrr	NORM
watch	O
out	O
!	O

Neenee	NORM
,	O
twas	NORM
gisteren	O
ook	O
ineens	O
12	O
u	NORM
...	O

Telkenkere	NORM
als	O
ik	O
mij	O
met	O
D.	O
door	O
's	O
Gravenhage	O
begeef	O
,	O
lopen	O
wij	O
H.	O
M.	O
tegen	O
het	O
lijf	O
.	O
Zoals	O
hedenmiddag	O
.	O

toeme	NORM
é	O
PorkyPig	O
intressante	NORM
dingen	O
mis	O
ik	O
dus	O
altijd	O
é	O

Wel	O
zin	O
,	O
maar	O
kan	O
helaesch	NORM
niet	O
..	O
Komt	O
iemand	O
eten	O
.	O
Beachze	O
!	O

@kristy_dee	O
nogaaaal	NORM
:P	O
mjaa	NORM
dn	NORM
week	O
dat	O
iig	NORM
zeker	O
xD	O

gaje	NORM
gij	NORM
ook	O
ni	NORM

maakt	NORM
mij	O
ni	NORM
uit	O
Gekkemarokkaan	O
het	O
intreseert	NORM
me	O
ni	NORM
dus	O
geen	O
geod	NORM
boek	O
voor	O
mij	O

kheb	NORM
ne	NORM
kruidenierbuur	O
lere	NORM
kenne	NORM
:)	O

idd	NORM
en	O
tzal	NORM
nen	NORM
late	O
worde	NORM
vnv	NORM

Jups	NORM
,	O
Kben	NORM
ff	NORM
mn	NORM
cursus	O
aant	NORM
nalezen	O
in	O
michiel	NORM
zijn	O
koffiezaak	O
.	O
Tralalaouti	O

Van	O
hetzelfde	O
skaaaaat	NORM
!	O
Xsch	NORM
!	O

RT	O
@DirkVanDuppen	O
:	O
Ook	O
Bernie	O
Sanders	O
steekt	O
de	O
grens	O
over	O
met	O
een	O
bus	O
vol	O
patienten	NORM
om	O
insulin	NORM
te	O
kopen	O
die	O
daar	O
tien	O
keer	O
goedkoper	O
is	O
dan	O
in	O
de	O
VS	NORM
.	O
Daarmee	O
klaagt	O
hij	O
ook	O
het	O
farmabanditisme	O
aan	O
.	O
Na	O
Nieuw-Zeeland	O
was	O
Canada	O
het	O
eerste	O
land	O
dat	O
ook	O
het	O
kiwimodel	O
...	O
https://t.co/wbzjYR1P9u	O

troost	NORM
u	O
muizeke	NORM
as	NORM
die	O
pipo	O
bleft	NORM
doorgaan	O
zalk	NORM
effe	NORM
geen	O
zeer	O
voele	NORM

sugarlips	NORM
gn	NORM
we	O
vnv	NORM
een	O
goe	NORM
sortieke	O
doen	O
schat	O
?	O

@LobDozer	O
LMAO	O
!	O
Dad	NORM
loopd	NORM
hoopulik	NORM
wel	O
los	O
anters	NORM
word	NORM
het	O
lastich	NORM
!	O
:D	O

4	O
ofzo	O
,	O
misschien	O
iets	O
lator	NORM
..	O
X	O

@kristy_dee	O
uhhu	NORM
(	O
a	O
)	O
hijs	NORM
fckin	O
sexyy	NORM
=p	O

eej	NORM
kheb	NORM
pagina	O
7	O
nog	O
ni	NORM
geleze	NORM
eh	O
:p	O

mss	NORM
moen	NORM
we	O
al	O
wa	NORM
groepsgevoel	O
crieren	NORM

@Spartan23R	O
ze	NORM
hebbe	NORM
tog	NORM
geen	O
widgets	O
ofzo	O
hea	O
?	O
:	O
P	O

met	NORM
pijn	O
in't	NORM
hart	O
:	O
m'n	NORM
laatste	O
ZIPdrive	O
schijfjes	O
en	O
LPT	O
(	O
LPwattes	O
?	O
)	O
poort	O
ZIPdrive	O
weggemikt	NORM

grr	NORM
,	O
bestaan	O
er	O
eig	NORM
gastn	NORM
die	O
gwn	NORM
normaal	O
zijn	O
,	O
zondr	NORM
bijbedoelingn	NORM
:)	O

Oepsi	O
,	O
bellen	O
was	O
perongeluk	NORM

Licht	O
ipv	NORM
wolken	O
excu	NORM

flappieM	NORM
ge	NORM
snapt	O
ebay	NORM
ni	NORM
goe	NORM
denkek	NORM
:p	O

Zin	O
om	O
heel	O
de	O
Trump	O
administratie	O
kk	NORM
hard	O
in	O
hun	O
kut	O
te	O
trappen	O
en	O
Pelosi	O
samen	O
met	O
de	O
fake	O
ass	O
democraten	O
ook	O
dat	O
ze	O
dit	O
gwn	NORM
laten	O
gebeuren	O
ik	O
HAAAAAAAAT	NORM
de	O
wereld	O

Woeiiiii	O
mn	NORM
1e	O
tweet	O
vanaf	O
mn	NORM
nieuwe	O
foon	NORM
:)	O

Fuck	O
kheb	NORM
me	O
overslapen	NORM
mijn	O
gsm	O
was	O
uitgevallen	O
vannacht	O
...	O

kheb	NORM
vandeweek	NORM
jupiler	NORM
tauro	NORM
gedronke	NORM

@BananaBruno	O
Elke	O
formatie	O
die	O
ze	O
fixen	O
domme	O
doelpunten	O
tegen	O
tav	NORM
nietssss	NORM
als	O
Fener	NORM
3x	NORM
prikt	O
wat	O
gaat	O
een	O
Barca	NORM
wel	O
niet	O
met	O
je	O
doen	O

Bescheten	O
droepje	O
?	O
Kzal	NORM
zaterdag	O
nr	NORM
containerpark	O
gaan	O
.	O

kzit	NORM
toh	NORM
ongeveer	O
iede	NORM
wekend	NORM
3	O
keer	O
op	O
restourant	NORM

@kluun	O
`Veurig	NORM
joar	NORM
heej	NORM
ons	NORM
moeder	O
onze	O
pa	O
ondergespaawd	O
in	O
de	O
hullie	O
gullie	O
'	O

@DDaanV	O
wtf	NORM
is	O
easyfeet	O
?	O
=p	O
tklink	NORM
beswll	NORM
kut	O
=p	O

Iemand	O
goede	O
film	O
/	O
docu	NORM
tips	O
over	O
de	O
geschiedenis	O
van	O
de	O
wereldpolitiek	O
sinds	O
1815-	O
heden	O
(	O
Weense	O
orde	O
,	O
Bismarck	O
,	O
WOI	NORM
en	O
WOII	NORM
,	O
orde	O
van	O
Versailles	O
,	O
KO	O
,...)	O
die	O
ik	O
's	NORM
avonds	O
kan	O
kijken	O
zodat	O
ik	O
leerstof	O
nog	O
beter	O
kan	O
vatten	O

kem	NORM
wel	O
nhie	NORM
gezged	O
op	O
straat	O
é	O
buh	O
:p	O

Probeer	O
nog	O
'n	NORM
krtj	NORM
te	O
kopen	O
twas	NORM
'n	NORM
leuk	O
avontuur	O
Finis	O
#laventura	O
http://t.co/IDmfpMci	O
”	O

kwenie	NORM
ze	O
i_seba	O
ik	O
vind	O
dees	NORM
meestal	O
interresanter	NORM
dan	O
pv	O

Jaro	O
Redczus	O
:	O
Moet	O
iküberhaupt	NORM
in	O
een	O
centrum	O
terecht	O
komen	O
:	O
/	O

Ni	NORM
mee	O
eten	O
,	O
wel	O
mee	O
uit	O
denkek	NORM
.	O
:)	O

neen	NORM
mysterym	O
,	O
mijn	O
zussie	NORM
was	O
ni	NORM
thuis	O
dernet	NORM
,	O
dus	O
ik	O
kon	O
't	NORM
ni	NORM
vragen	O

Neeje	NORM
,	O
kmoet	NORM
om	O
7	O
uur	O
werken	O
.	O
Xx	O

@jurdefur	O
komme	NORM
gij	NORM
,	O
2e	O
kerstdag	O
vanaf	O
16.00	O
bij	O
ons	O
thuis	O
etuh	NORM
met	O
de	O
hele	O
meutuh	NORM
jonguh	NORM
?!	O

Ksnappet	NORM
ni	NORM
xp	O

@Mirjam152	O
@coristus	O
Helemaal	O
mee	O
eens	O
@Mirjam152	O
bijna	O
iedere	O
dag	O
messteekpartijen	O
all	O
over	O
Germany	O
maar	O
de	O
(s)	O
linkse	O
#MSM	O
zwijgt	O
totdat	O
't	NORM
via	O
social	O
media	O
duidelijk	O
wordt	O
🆘	O
de	O
rechtspraak	O
daar	O
is	O
net	O
zo	O
verrot	O
als	O
in	O
🇳🇱	NORM
dubbele	O
standaard	O
voor	O
autochtonen	O
vs	NORM
moslims	O
/	O
migranten	O

@andyvergauwen	O
@hannewhale	O
Inderdaad	O
...	O
maar	NORM
vrouwen	O
houden	O
in	O
’t	NORM
algemeen	O
nu	O
eenmaal	O
van	O
jagers	O
(	O
bad	O
boys	O
)	O
in	O
plaats	O
van	O
schaapkes	NORM
(	O
good	O
guys	O
),	O
dat	O
is	O
al	O
altijd	O
zo	O
geweest	O
..	O
terwijl	NORM
die	O
‘	O
schapen	O
’	O
puur	O
goud	O
zijn	O
.	O
En	O
fyi	O
,	O
gij	NORM
zijt	NORM
ne	NORM
good	O
guy	O
ze	O
,	O
geen	O
twijfel	O
mogelijk	O

mja	NORM
kdacht	NORM
mss	NORM
ffe	NORM
af	O
te	O
kome	NORM
:p	O

@Tessa_VeePee	O
@hannewhale	O
Nee	O
ni	NORM
beter	O
.	O
Ik	O
denk	O
dat	O
een	O
hart	O
van	O
ne	NORM
wolf	O
hogere	O
hartslagen	O
aankan	O
dan	O
een	O
schaap	O
.	O
Ik	O
ben	O
helemaal	O
geen	O
schaap	O
.	O
i’m	O
a	O
beast	O
,	O
maar	O
wel	O
voor	O
maar	O
1	O
uitverkorene	O
i.p.v.	NORM
voor	O
een	O
hele	O
kudde	O

kga	NORM
ze	O
strax	NORM
huilbui	O
moete	NORM
gunne	NORM
enal	NORM
:d	O

das	NORM
een	O
nieuw	O
spelleke	NORM
Dazzler	O
:p	O
pieuw	O
pieuw	O
pieuw	O

Nu	O
het	O
FDF	O
afhaakt	O
,	O
kunnen	O
we	O
BHV	O
opnieuw	O
onderhadelen	NORM
?	O
Oa	NORM
ivm	NORM
benoeming	O
burgemeesters	O
.	O

mja	NORM
kverspil	NORM
da	NORM
dierke	NORM
liver	NORM
ni	NORM
hehehe	O

bleeeh	NORM
bloemkool	O
@rubydrost	O
hahaha	O
,	O
wij	O
eten	O
lkkr	NORM
de	O
zelfgemaakt	NORM
Babi	O
Ketchap	NORM
van	O
Remco	O
,	O
mmmmyummie	O
.	O

mjah	NORM
tzit	NORM
daar	O
een	O
meiske	NORM
in	O
zeg	O
die	O
eeft	NORM
gwn	NORM
nen	NORM
sixpack	O
é	O
:s	O

seg	NORM
mmissy	O
das	NORM
ook	O
wer	NORM
ni	NORM
goe	NORM
:p	O

@Spartan23R	O
p.s.	O
ik	O
bn	NORM
een	O
lost	O
fanboy	O
gworden	NORM
na	O
de	O
zomer	O
vakantie	O
=p	O

kgon	NORM
eten	O
,	O
dn	NORM
den	NORM
afwas	O
doen	O
,	O
dn	NORM
me	O
klaarmaken	O
en	O
dn	NORM
bennek	NORM
ribbedebie	O
:D	O

kga	NORM
vanmiddag	O
thuis	O
komn	NORM
eten	O
....	O

Roen	O
weer	O
black	NORM
opps	NORM
aant	NORM
spelen	O
?	O
:D	O

Neeje	NORM
,	O
tis	NORM
mee	NORM
vriendjes	O
vant	NORM
middelbaar	NORM

Uhm	O
boekverslag	O
wat	O
moesten	O
we	O
ook	O
meeneme	NORM
voor	O
gellecum	O
ze	O
had	O
een	O
lijstje	O
ofzo	O
?	O
Hahaha	O
?	O
#comeniuscollege	O

Het	O
wordt	O
voor	O
mij	O
een	O
avondje	O
bankhangen	O
.	O
Beetje	O
hectische	O
weken	O
achter	O
de	O
rug	O
.	O
Grtz	NORM
,	O
Persoon	O
78	O

kad	NORM
mijn	O
gsm	O
ni	NORM
gezien	O

ow	NORM
mss	NORM
ligge	NORM
we	O
dn	NORM
allang	O
in	O
dromeland	NORM
:o	O

Goed	O
,	O
ma	NORM
Kben	NORM
mn	NORM
broek	O
kwijt	O
geraakt	O
.	O
:(	O

kdurf	NORM
weddn	NORM
dadde	NORM
nien	NORM
durft	O
buite	NORM
kome	NORM

zije	NORM
gij	NORM
thuis	O
nu	O
?	O
anders	NORM
gaan	O
we	O
enen	NORM
gaan	O
drinkn	NORM
?	O

Da	NORM
hebk	NORM
ni	NORM
ingevuld	O

Gauw	O
wegweze	NORM
voor	O
ik	O
een	O
fles	O
fijn	NORM
,	O
of	O
nog	O
erger	O
,	O
een	O
kraatje	NORM
bieg	NORM
naag	NORM
me	O
kop	O
krèèèg	NORM
.	O
Fijne	O
avond	O
verder	O
.	O

ikke	NORM
allsinds	NORM
nie	NORM
,	O
en	O
kheb	NORM
noghtans	NORM
al	O
goe	NORM
gewertk	NORM
vandaag	O

RT	O
@decolonisedboer	O
:	O
Moenie	NORM
opgee	NORM
nie	NORM
mense	NORM
.	O
Israel	NORM
was	O
400	O
jaar	O
lank	NORM
slawe	NORM
van	O
Egipte	NORM
.	O
Maar	O
groot	O
magte	NORM
is	NORM
aan	O
die	NORM
beweeg	NORM
.	O
Ons	O
Volk	O
sal	NORM
weer	O
vry	NORM
wees	NORM
.	O
Bly	NORM
glo	NORM
.	O

ooh	NORM
Knuffie	O
dmijn	NORM
slaapt	O
aan	O
mn	NORM
voetn	NORM
^^	O

Kheb	NORM
iets	O
gevonden	O
!	O
Kga	NORM
houtsnijden	O
doen	O

Ik	O
ga	O
iig	NORM
nu	O
rijden	O
naar	O
Confide	O
.	O

Ik	O
kwam	O
naar	O
jullie	O
eerst	O
,	O
kzal	NORM
mn	NORM
fiets	O
dan	O
aan	O
peter	NORM
geven	O
.	O
:)	O

nuja	NORM
alli	O
tot	O
eenvolgende	NORM
mss	NORM
tot	O
vnv	NORM

Kwil	NORM
ook	O
biowinkelen	O
.	O
:(	O

iemand	NORM
die	O
mij	O
kan	O
helpen	O
?	O
ik	NORM
wil	O
een	O
automatich	NORM
bercht	NORM
laten	O
verschijne	NORM
als	O
ieman	NORM
mij	O
prive	NORM
aanspreekt	O

Ik	O
weet	O
niet	O
of	O
ik	O
moet	O
lachen	O
of	O
huilen	O
hoe	O
is	O
dit	O
een	O
echte	O
tweet	O
terwijl	O
Obama	O
nationaal	O
debate	NORM
veroorzaakte	O
door	O
de	O
kleur	O
van	O
zn	NORM
pak	O
brooooo	NORM
impeach	O
die	O

Schapos	NORM
de	NORM
beteros	NORM
!	O
Doe	O
het	O
rustig	O
aan	O
meis	NORM
!	O
X	O

@BramFokke	O
effe	NORM
snel	O
,	O
opensores	O
,	O
openmind	O
,	O
openblik	O
,	O
Fokopen	O
,	O
Brafo-open	O
.	O
Neem	O
voldoende	O
tijd	O
en	O
ik	O
ben	O
benieuwd	O
naar	O
de	O
naam	O
.	O
Succes	O
!	O

aja	NORM
mij	O
zult	NORM
lge	NORM
heir	NORM
ook	O
al	O
vergete	NORM
zijn	O
wrs	NORM
:p	O

nja	NORM
,	O
:(	O
kzal	NORM
u	O
dn	NORM
maar	O
laten	O
gaan	O
eh	O
Lugburz	O
:(	O

RT	O
@Frank_Luttels	O
:	O
@mariannezw	O
In	O
heel	O
't	NORM
ziekenhuis	O
is	O
de	O
regel	O
,	O
zoveel	O
te	O
dichter	O
bij	O
't	NORM
bed	O
/	O
patiënt	O
zo	O
veel	O
te	O
lager	O
't	NORM
loon	O
,	O
een	O
kinderarts	O
verdient	O
ook	O
veel	O
minder	O
dan	O
een	O
anesthesioloog	O
.	O
Eigenlijk	O
wel	O
gek	O
,	O
mensen	O
met	O
echte	O
passie	O
voor	O
't	NORM
vak	O
zijn	O
slecht	O
voor	O
zich	O
zelf	O
lijkt	O
't	NORM
wel	O
.	O

Oke	NORM
ik	O
ga	O
mn	NORM
best	O
doen	O
.	O

@Marrit_Anne	O
Oké	O
dat	O
is	O
like	O
75	O
liter	O
vgm	NORM
?	O
Zo'n	O
pot	O
is	O
5-10	O
liter	O
lmaoo	O
veel	O
plezier	O
daarmee	O
,	O
door	O
de	O
hoeveelheid	O
die	O
je	O
dan	O
moet	O
doen	O
is	O
de	O
kans	O
dat	O
het	O
van	O
hoek	O
naar	O
hoek	O
verschilt	O
zo	O
kk	NORM
groot	O
dat	O
je	O
net	O
zo	O
goed	O
een	O
nieuwe	O
vloer	O
kan	O
leggen	O
lol	O

@Kyrosyves	O
doe	NORM
je	O
opendag	O
?	O
=o	O
wel	O
glijk	NORM
formulier	O
invulle	NORM
=p	O

Kvoel	NORM
me	O
alsofk	NORM
geeste	NORM
aant	NORM
oproepe	NORM
ben	O

RT	O
@ilyas_ib	O
:	O
OKE	NORM
maar	O
kunnen	O
we	O
deze	O
video	O
terug	O
naar	O
boven	O
halen	O
???!	O
HAHAHAHAHAH	O
WAT	NORM
VOETBAL	NORM
MET	NORM
MANNEN	NORM
DOETTTT	NORM
😂😂	O
DIE	NORM
TFOU	NORM
OPT	NORM
EINDE	NORM
KLAART	NORM
EM	NORM
https://t.co/wIUC75on7N	O

@limbodoodle	O
jao	NORM
,	O
wuurt	NORM
ech	NORM
moei	NORM
volges	NORM
mich	NORM
...	O

kzal	NORM
ik	O
neffe	NORM
u	O
kome	NORM
zitte	NORM
cutie	O
:o	O

Er	O
s	NORM
een	O
fucking	O
baby	O
aant	NORM
huile	NORM
en	O
khoor	NORM
da	NORM
tot	O
hier	O
wtf	O
hjb	NORM
man	O

jaa	NORM
:	O
lol	O
:	O
roze	O
hihi	O
,	O
dan	O
durfk	NORM
nimeer	NORM
buite	NORM
kome	NORM

nope	NORM
moet	O
nts	NORM
meer	O
haln	NORM

isda	NORM
goe	NORM
,	O
zorgt	NORM
daje	NORM
zelfde	O
kleren	O
aan	O
hebt	O
e	O

hehe	O
moete	NORM
details	O
wete	NORM
of	O
zijde	NORM
ni	NORM
geintereseerd	NORM
:D	O

Kheb	NORM
lekker	O
geslapen	O
.	O
:)	O
lekker	O
zacht	O
bedje	O
.	O
:)	O
Xx	O

@FionaFtrn	O
Kait	O
gwn	NORM
ik	O
mr	NORM
alles	O
et	NORM
eeft	NORM
totaal	O
nietn	NORM
me	NORM
gie	NORM
te	O
maken	O
ofzo	O

@HelaasPindakaas	O
@forced1988	O
wtff	NORM
kstuurde	NORM
nr	NORM
geitjegeitje	O
en	O
tmhendriksen	O
at	O
gaymail	O
=o	O

Adriaanse	O
coacht	O
vanavond	O
z'n	NORM
500ste	O
Eredivisie-wedstrijd	O
.	O
Jammer	O
voor	O
'm	NORM
dat-ie	NORM
gaat	O
verliezen	O
.	O
#ajatwe	O

@Chaos_Killer	O
jaa	NORM
wat	O
@DDaanBaklap	O
zeii	NORM
!!	O
=o	O
die	O
shiz	NORM
is	O
een	O
btjj	NORM
vaag	O
0	O
-	O
0	O

wacht	NORM
Tomieee	O
kga	NORM
het	O
ne	NORM
keer	O
voortonen	NORM
bij	O
Compsmurf	O
goe	NORM
kijken	O
é	O
:p	O

en	NORM
....	O
zijnt	NORM
skone	NORM
bokalen	O
?	O
lol	O
!	O

tuurlyk	NORM
besta	NORM
belgie	NORM
nog	O
mmissy	O
anders	O
kryg	NORM
jy	NORM
geen	O
heerlyke	NORM
chocolat	NORM

Heb	O
jij	O
telefoonnr	NORM
van	O
Stijn	O
Blomme	O
?	O

Ja	O
ik	O
blijf	O
nog	O
ff	NORM
.	O
Tot	O
sebiet	NORM
.	O

nug	NORM
staafkes	NORM
genoeg	O
lign	NORM
se	O
thehehehe	O
puur	O
dynamiet	O

ale	NORM
,	O
veel	O
feeste	NORM
zal	O
er	O
ni	NORM
bij	O
zijn	O
vandaag	O
,	O
kmoet	NORM
ticketcontrole	O
gaan	O
doen	O
:p	O

hahaha	O
bob	NORM
is	O
ng	NORM
aaltijd	NORM
aan	O
het	O
spanken	O
aant	NORM
peizn	O
:	O
lol	O
:	O

gij	NORM
hebt	O
gwn	NORM
nen	NORM
twisted	O
mind	O
jah	NORM
!	O
:p	O

ratte	NORM
kank	NORM
gebruike	NORM
ma	NORM
handtamme	O
wilk	NORM
ni	NORM
neme	NORM
:d	O

Euhm	O
,	O
tegen	O
9	O
uit	O
denkek	NORM
.	O
:)	O

leen	NORM
komt	O
vanavnd	NORM
eentje	O
drinkn	NORM

tzijn	NORM
nog	O
mensn	NORM
die	O
morn	NORM
moetn	NORM
werkn	NORM
wi	O

kga	NORM
ne	NORM
ke	NORM
vragn	NORM
an	NORM
hannu	O

Lullig	O
dat	O
ik	O
deze	O
hele	O
pww	NORM
telkenste	NORM
nét	NORM
te	O
laat	O
mijn	O
hulpmiddelen	O
binnenkrijg	O
.	O
Wb	NORM
grieks	NORM
=	O
maandagmiddag	O
,	O
samengevat	O
bio=	NORM
wss	NORM
maandagmiddag	O
.	O

@vkwillemvissers	O
Herinner	O
me	O
CLfinale	O
Madrid-Milan	O
.	O
Moest	O
verhaal	O
Davids-Seedorf	O
maken	O
.	O
Maar	O
D.	O
boycotte	O
Ned.	NORM
pers	O
.	O
Werd	O
prachtverhaal	O
;-)	O

wete	NORM
stel	O
voor	O
da	NORM
we	O
verloopig	NORM
gwn	NORM
aan	O
ander	NORM
kamer	O
pakke	NORM
mense	NORM

@Hannnahh	O
uhm	O
,	O
tsja	O
.	O
Ik	O
moet	O
ff	NORM
@ceelientjaa	O
antwoorrd	NORM
afwachten	O
.	O
Brter	NORM
doet	O
zij	O
wel	O
een	O
cc'tje	O

nja	NORM
,	O
ik	O
praat	O
het	O
leiver	NORM
uit	O
,	O
vooral	O
odmat	NORM
ik	O
neit	NORM
eens	O
weet	O
waarom	O
je	O
zo	O
pissed	O
reageert	O

fck	NORM
,	O
kgoa	NORM
moetn	NORM
mn	NORM
katte	NORM
binnhoaln	NORM
:p	O

oké	NORM
NuckingFuts	O
get	NORM
gelijk	O
twas	NORM
vvlam	O
die	O
het	O
vroeg	O
srry	NORM

ni	NORM
jaloes	NORM
zijn	O
vargas	O
jij	O
ga	NORM
ook	O
seruise	NORM
meisj	NORM
vidnen	NORM

@Dennis_Rijkers	O
Ivm	NORM
correctie	O
scheenbeen	O
,	O
door	O
blessure	O
Jiu	O
Jitsu	O
(	O
verkeerd	O
geschopt	O
)	O
steekt	O
deze	O
nu	O
tov	NORM
kuitbeen	O
iets	O
uit	O
.	O

nokyM	NORM
35	O
seffes	O
ist	NORM
vliege	NORM
met	O
je	O
herhale	NORM

kgon	NORM
nog	O
effe	NORM
op	O
pokerstars	NORM
en	O
dan	O
gank	NORM
pitte	NORM
peisk	O

@dviate	O
@mvbergen	O
*	O
scheert	O
snel	O
z'n	NORM
kop	O
kaal	O
"	O
...	O
kom-tie-dan-he	O
,	O
komtiedanhe	O
..	O
*	O
oenk	O
*	O
oenk	O
*	O

